ID;ID_Father;Child;Tree_Level;Group_Name;Key_String
;;AAA;2;...;AANAAAABY
01;;AAB;0;LIQUOR;AAB
0101;01;AAA;1;WHISKY;AABAAA
0101001;0101;AAI;2;Scotch Standard;AABAAAAAI
0101002;0101;AAA;2;SCOTCH DELUXE;AABAAAAAA
0101003;0101;AAB;2;SCOTCH MALT;AABAAAAAB
0101004;0101;AAC;2;SCOTCH SUPER PREMIUM;AABAAAAAC
0101005;0101;AAD;2;IRISH WHISKEY;AABAAAAAD
0101006;0101;AAE;2;IRISH MALT;AABAAAAAE
0101007;0101;AAF;2;IRISH PREMIUM;AABAAAAAF
0101008;0101;AAG;2;CANADIAN/BOURBON/RYE;AABAAAAAG
0101009;0101;AAH;2;WHISKEY PRESENTATIONS;AABAAAAAH
0101010;0101;AAJ;2;USA/BOURBON;AABAAAAAJ
0101011;0101;AAK;2;CANADIAN BLENDED;AABAAAAAK
0102;01;AAB;1;GIN;AABAAB
0102001;0102;AAA;2;GIN STANDARD;AABAABAAA
0102002;0102;AAB;2;GIN PREMIUM;AABAABAAB
0102003;0102;AAC;2;GIN PRESENTATION;AABAABAAC
0103;01;AAC;1;RUM;AABAAC
0103001;0103;AAA;2;WHITE RUM;AABAACAAA
0103002;0103;AAB;2;GOLDEN RUM;AABAACAAB
0103003;0103;AAC;2;DARK RUM;AABAACAAC
0103004;0103;AAD;2;RUM PRESENTATIONS;AABAACAAD
0104;01;AAD;1;VODKA;AABAAD
0104001;0104;AAA;2;VODKA STANDARD 40%(INTL);AABAADAAA
0104002;0104;AAB;2;VODKA PREMIUM 50%(INTL);AABAADAAB
0104003;0104;AAC;2;VODKA 60%(INTL);AABAADAAC
0104004;0104;AAD;2;VODKA FLAVOURED(INTL);AABAADAAD
0104005;0104;AAE;2;VODKA RUSSIAN;AABAADAAE
0104006;0104;AAF;2;VODKA RUSSIAN FLAVOURED;AABAADAAF
0104007;0104;AAG;2;VODKA PRESENTATION;AABAADAAG
0104008;0104;AAH;2;VODKA RUSSIAN PREMIUM;AABAADAAH
0104009;0104;AAI;2;INTERNATIONAL VODKA;AABAADAAI
0104010;0104;AAJ;2;INTERNATIONAL FLAVOURED VODKA;AABAADAAJ
0104011;0104;AAK;2;RUSSIAN VODKA;AABAADAAK
0105;01;AAE;1;BRANDY;AABAAE
0105001;0105;AAA;2;CALVADOS;AABAAEAAA
0105002;0105;AAB;2;GRAPE BRANDY;AABAAEAAB
0105003;0105;AAC;2;INTERNATIONAL;AABAAEAAC
0106;01;AAF;1;COGNAC;AABAAF
0106001;0106;AAA;2;VS;AABAAFAAA
0106002;0106;AAB;2;VSOP;AABAAFAAB
0106003;0106;AAC;2;MID RANGE;AABAAFAAC
0106004;0106;AAD;2;NAPOLEON;AABAAFAAD
0106005;0106;AAE;2;XO;AABAAFAAE
0106006;0106;AAF;2;EXTRA PRESENTATION;AABAAFAAF
0107;01;AAG;1;ARMAGNAC;AABAAG
0107001;0107;AAA;2;3 STAR;AABAAGAAA
0107002;0107;AAB;2;VSOP;AABAAGAAB
0107003;0107;AAC;2;MID RANGE;AABAAGAAC
0107004;0107;AAD;2;NAPOLEON;AABAAGAAD
0107005;0107;AAE;2;XO;AABAAGAAE
0107006;0107;AAF;2;EXTRA PRESENTATION;AABAAGAAF
0108;01;AAH;1;WINE;AABAAH
0108001;0108;AAA;2;FRENCH WHITE;AABAAHAAA
0108002;0108;AAB;2;FRENCH RED/ROSE;AABAAHAAB
0108003;0108;AAC;2;GERMAN WHITE/SPARKLING;AABAAHAAC
0108004;0108;AAD;2;ITATLIAN SPARKLING;AABAAHAAD
0108005;0108;AAE;2;ITALIAN WHITE;AABAAHAAE
0108006;0108;AAF;2;ITALIAN RED/ROSE;AABAAHAAF
0108007;0108;AAG;2;SPANISH WHITE/SPARKLING;AABAAHAAG
0108008;0108;AAH;2;SPANISH RED/ROSE;AABAAHAAH
0108009;0108;AAI;2;PORTUGESE WHITE/SPARKLING;AABAAHAAI
0108010;0108;AAJ;2;PORTUGESE RED/ROSE;AABAAHAAJ
0108011;0108;AAK;2;SOUTH AFRICAN WHITE;AABAAHAAK
0108012;0108;AAL;2;SOUTH AFRICAN RED/ROSE;AABAAHAAL
0108013;0108;AAM;2;NEW ZEALAND WHITE/SPARKLING;AABAAHAAM
0108014;0108;AAN;2;NEW ZEALAND RED/ROSE;AABAAHAAN
0108015;0108;AAO;2;AUSTRIALIAN WHITE/SPARKLING;AABAAHAAO
0108016;0108;AAP;2;AUSTRIALIAN RED/ROSE;AABAAHAAP
0108017;0108;AAQ;2;CALIFORNIAN WHITE/SPARKLING;AABAAHAAQ
0108018;0108;AAR;2;CALIFORNIAN RED/ROSE;AABAAHAAR
0108019;0108;AAS;2;BULGARIAN WHITE/SPARKLING;AABAAHAAS
0108020;0108;AAT;2;BULGARIAN RED/ROSE;AABAAHAAT
0108021;0108;AAU;2;HUNGARIAN WHITE/SPARKLING;AABAAHAAU
0108022;0108;AAV;2;HUMGARIAN RED/ROSE;AABAAHAAV
0108023;0108;AAW;2;ARGENT. WHITE/SPARKLING;AABAAHAAW
0108024;0108;AAX;2;ARGENT.RED/ROSE;AABAAHAAX
0108025;0108;AAY;2;CHILEAN WHITE/SPARKLING;AABAAHAAY
0108026;0108;AAZ;2;CHILEAN RED/ROSE;AABAAHAAZ
0108027;0108;ABA;2;RUSSIAN WHITE/SPARKLING;AABAAHABA
0108028;0108;ABB;2;RUSSIAN RED/ROSE;AABAAHABB
0108029;0108;ABC;2;CHAMPAGNE BRUT;AABAAHABC
0108030;0108;ABD;2;CHAMPAGNE;AABAAHABD
0108031;0108;ABE;2;GEORGIAN WINE;AABAAHABE
0109;01;AAI;1;LIQUERS;AABAAI
0109001;0109;AAA;2;CREAM LIQUEURS;AABAAIAAA
0109002;0109;AAB;2;OTHERS;AABAAIAAB
0110;01;AAJ;1;APERATIF;AABAAJ
0110001;0110;AAA;2;VERMOUTH;AABAAJAAA
0110002;0110;AAB;2;BITTERS;AABAAJAAB
0110003;0110;AAC;2;APERATIFS;AABAAJAAC
0111;01;AAK;1;FORTIFIED WINES;AABAAK
0111001;0111;AAA;2;PORT STANDARD;AABAAKAAA
0111002;0111;AAB;2;PORT LATE BOTTLE VINTAGE;AABAAKAAB
0111003;0111;AAC;2;SHERRY;AABAAKAAC
0112;01;AAL;1;BEERS;AABAAL
0113;01;AAM;1;SOFT DRINKS;AABAAM
0114;01;AAN;1;TEQUILA;AABAAN
0114001;0114;AAA;2;TEQUILA PREMIUM;AABAANAAA
0114002;0114;AAB;2;TEQUILA SILVER;AABAANAAB
0114003;0114;AAC;2;TEQUILA GOLD;AABAANAAC
0114004;0114;AAD;2;Drinks based on tequila;AABAANAAD
0115;01;AAO;1;CALVADOS;AABAAO
0115001;0115;AAA;2;CALVADOS;AABAAOAAA
0116;01;AAP;1;GRAPPA;AABAAP
011601;0116;AAA;2;GRAPPA;AABAAPAAA
0117;01;AAQ;1;ABSINTHE;AABAAQ
011701;0117;AAA;2;SPANISH ABSINTHE;AABAAQAAA
011702;0117;AAB;2;FRENCH ABSINTHE;AABAAQAAB
02;;AAC;0;TOBACCO;AAC
0201;02;AAA;1;TOBACCO;AACAAA
0201001;0201;AAA;2;CIGARETTE;AACAAAAAA
0201002;0201;AAB;2;CIGARETTE PACK;AACAAAAAB
0201003;0201;AAC;2;CIGARS;AACAAAAAC
0201004;0201;AAD;2;Electronic cigarettes;AACAAAAAD
03;;AAD;0;PERFUMERY & COSMETICS;AAD
0301;03;AAA;1;LADIES FRAGRANCES;AADAAA
0301001;0301;AAA;2;PERFUME;AADAAAAAA
0301002;0301;AAE;2;EDT ALL;AADAAAAAE
0301003;0301;AAC;2;EDP ALL;AADAAAAAC
0301004;0301;AAD;2;COFFRETS-GIFT SETS;AADAAAAAD
0301005;0301;AAF;2;Ladies Bath Lines;AADAAAAAF
0301006;0301;AAG;2;Ladies Deodorant;AADAAAAAG
0301007;0301;AAH;2;Home Fragrance;AADAAAAAH
0301008;0301;AAI;2;Ladies Fragrances Niche;AADAAAAAI
0301009;0301;AAJ;2;Ladies Bath Line Niche;AADAAAAAJ
0301010;0301;AAK;2;Ladies Sets Niche;AADAAAAAK
0302;03;AAL;1;MENS FRAGRANCE;AADAAL
0302001;0302;AAG;2;A/S ALL;AADAALAAG
0302002;0302;AAL;2;EDT;AADAALAAL
0302003;0302;AAI;2;GIFTSETS;AADAALAAI
0302004;0302;AAJ;2;MENS BATH LINE;AADAALAAJ
0302005;0302;AAK;2;MENS DEODORANT;AADAALAAK
0302006;0302;AAM;2;Mens Fragrances Niche;AADAALAAM
0302007;0302;AAN;2;Mens Bath Line Niche;AADAALAAN
0302008;0302;AAO;2;Mens Sets Niche;AADAALAAO
0303;03;AAM;1;MENS SKINCARE;AADAAM
0303001;0303;AAA;2;CLEANSING;AADAAMAAA
0303002;0303;AAB;2;SHAVING;AADAAMAAB
0303003;0303;AAC;2;MOISTURISING;AADAAMAAC
0303004;0303;AAD;2;EYE CARE;AADAAMAAD
0303005;0303;AAE;2;HAIR & BODYCARE;AADAAMAAE
0303006;0303;AAF;2;SETS;AADAAMAAF
0305;03;AAE;1;LADIES SKINCARE;AADAAE
0305001;0305;AAA;2;CLEANSING;AADAAEAAA
0305002;0305;AAB;2;EXFOLIATING;AADAAEAAB
0305003;0305;AAC;2;MASK;AADAAEAAC
0305004;0305;AAD;2;DEMAQUILLAGE;AADAAEAAD
0305005;0305;AAE;2;Mist;AADAAEAAE
0305006;0305;AAF;2;Day Cream;AADAAEAAF
0305007;0305;AAG;2;Night Cream;AADAAEAAG
0305008;0305;AAH;2;Eye Cream;AADAAEAAH
0305009;0305;AAI;2;Serum/Essence;AADAAEAAI
0305010;0305;AAJ;2;Neck Cream;AADAAEAAJ
0305011;0305;AAK;2;BodyCare;AADAAEAAK
0305012;0305;AAL;2;Hair Care;AADAAEAAL
0305013;0305;AAM;2;Hand Care;AADAAEAAM
0305014;0305;AAN;2;Lip Care;AADAAEAAN
0305016;0305;AAP;2;Tinted Creams;AADAAEAAP
0305017;0305;AAS;2;Others;AADAAEAAS
0305018;0305;AAR;2;SKINCARE SETS;AADAAEAAR
0305019;0305;AAT;2;Auto- Bronzante;AADAAEAAT
0306;03;AAF;1;COLOUR;AADAAF
0306001;0306;AAA;2;LIPSTICKS;AADAAFAAA
0306002;0306;AAB;2;NAIL ENAMEL;AADAAFAAB
0306003;0306;AAC;2;EYE SHADOWS;AADAAFAAC
0306004;0306;AAD;2;BASES;AADAAFAAD
0306005;0306;AAE;2;FLUID FOUNDATION;AADAAFAAE
0306006;0306;AAF;2;COMPACT FOUNDATION;AADAAFAAF
0306007;0306;AAG;2;LOOSE FACE POWDER;AADAAFAAG
0306008;0306;AAH;2;BLUSHERS;AADAAFAAH
0306009;0306;AAI;2;LIP PENCIL;AADAAFAAI
0306010;0306;AAJ;2;EYE PENCIL;AADAAFAAJ
0306011;0306;AAK;2;LIQUID EYELINER;AADAAFAAK
0306012;0306;AAL;2;EYEBROW PENCIL;AADAAFAAL
0306013;0306;AAM;2;MASCARA;AADAAFAAM
0306014;0306;AAN;2;LIP GLOSS;AADAAFAAN
0306015;0306;AAO;2;CONCEALER;AADAAFAAO
0306016;0306;AAP;2;BRONZERS;AADAAFAAP
0306017;0306;AAQ;2;BRUSHES;AADAAFAAQ
0306018;0306;AAR;2;MULTI TOUCH;AADAAFAAR
0306019;0306;AAS;2;MAKEUP PALLETE;AADAAFAAS
0306020;0306;AAT;2;COFFRETS;AADAAFAAT
0306021;0306;AAU;2;NAILCARE;AADAAFAAU
0306022;0306;AAV;2;Accessories;AADAAFAAV
0307;03;AAG;1;SUNCARE;AADAAG
0307001;0307;AAA;2;SUN PROTECTION;AADAAGAAA
0307002;0307;AAB;2;AFTERSUN;AADAAGAAB
0307003;0307;AAC;2;SELFTAN;AADAAGAAC
04;;AAE;0;ELECTRONICS;AAE
0401;04;AAA;1;TELEVISIONS;AAEAAA
0402;04;AAB;1;VIDEO;AAEAAB
0403;04;AAC;1;CAMCORDERS;AAEAAC
0404;04;AAD;1;AUDIO;AAEAAD
0405;04;AAE;1;OFFICE;AAEAAE
0407;04;AAG;1;TRAVEL;AAEAAG
0408;04;AAH;1;BATTERIES/FILMS;AAEAAH
0409;04;AAI;1;PHOTOGRAPHIC;AAEAAI
0410;04;AAJ;1;CAMERA;AAEAAJ
0411;04;AAK;1;MOUSE;AAEAAK
0412;04;AAL;1;KEYBOARDS;AAEAAL
0413;04;AAM;1;SPEAKERS+AUDIO;AAEAAM
0414;04;AAN;1;SHAVER;AAEAAN
0415;04;AAO;1;HAIRSTYLER;AAEAAO
0416;04;AAP;1;Headphone;AAEAAP
0417;04;AAQ;1;MP3 player;AAEAAQ
0418;04;AAR;1;FRAMES;AAEAAR
0419;04;AAS;1;Accessories;AAEAAS
05;;ABI;0;TRAVEL GOODS;ABI
0501;05;AAA;1;Samsonite;ABIAAA
0501001;0501;AAA;2;Umbrella;ABIAAAAAA
0501002;0501;AAB;2;Accessories;ABIAAAAAB
0501003;0501;AAC;2;Kids collection;ABIAAAAAC
0501004;0501;AAD;2;Other collections;ABIAAAAAD
0501005;0501;AAE;2;Leather goods;ABIAAAAAE
0501006;0501;AAF;2;Lady"s handbags;ABIAAAAAF
0502;05;AAB;1;Delsey;ABIAAB
0502001;0502;AAA;2;Accessories;ABIAABAAA
0502002;0502;AAB;2;Travel Bags;ABIAABAAB
0502003;0502;AAC;2;Trolleys;ABIAABAAC
0503;05;AAC;1;Cloudz;ABIAAC
0504;05;AAD;1;Design Go;ABIAAD
0505;05;AAE;1;GO INT;ABIAAE
0506;05;AAF;1;Promo Goods;ABIAAF
0507;05;AAG;1;Sochi2014;ABIAAG
0508;05;AAH;1;Trunki;ABIAAH
0509;05;AAI;1;Lain Sinclair;ABIAAI
0510;05;AAJ;1;Rug Gear;ABIAAJ
06;;AAH;0;CONFECTIONARY;AAH
0601;06;AAA;1;CHOCOLATE;AAHAAA
0601001;0601;AAA;2;BARS 100G-200G;AAHAAAAAA
0601002;0601;AAB;2;BARS 200G-400G;AAHAAAAAB
0601003;0601;AAC;2;BOXES;AAHAAAAAC
0601004;0601;AAD;2;TINS/TUBES;AAHAAAAAD
0601005;0601;AAE;2;MULTIPAKS;AAHAAAAAE
0601006;0601;AAF;2;NOVELTY/SEASONAL;AAHAAAAAF
0601007;0601;AAG;2;SOUVENIR;AAHAAAAAG
0601008;0601;AAH;2;RUSSIAN CHOCOLATE;AAHAAAAAH
0601009;0601;AAI;2;Russian Souvenir Chocolate;AAHAAAAAI
0601010;0601;AAJ;2;Russian Marshmallow;AAHAAAAAJ
0601011;0601;AAK;2;Russian Bars 50g-100g;AAHAAAAAK
0601012;0601;AAL;2;Russian Bars 200g-300g;AAHAAAAAL
0602;06;AAB;1;SUGAR CONFECTIONARY;AAHAAB
0603;06;AAC;1;LIQUEUR CHOCOLATE;AAHAAC
0604;06;AAD;1;BISCUITS;AAHAAD
0605;06;AAE;1;Savoury Snacks;AAHAAE
0606;06;AAF;1;Chewing Gum;AAHAAF
0607;06;AAG;1;PREMIUM GIFTING;AAHAAG
0607001;0607;AAA;2;PREMIUM GIFT;AAHAAGAAA
0608;06;AAH;1;INFORMAL GIFTING;AAHAAH
0608001;0608;AAA;2;INFORMAL GIFT;AAHAAHAAA
0608002;0608;AAB;2;SHARING GIFT;AAHAAHAAB
0608003;0608;AAC;2;Formal Gift;AAHAAHAAC
0609;06;AAI;1;CHILDREN'S GIFTING;AAHAAI
0609001;0609;AAA;2;CHILDREN'S GIFT;AAHAAIAAA
0609002;0609;AAB;2;TRAVEL ENTERTAINEMENT;AAHAAIAAB
0610;06;AAJ;1;SNACKING;AAHAAJ
0610001;0610;AAA;2;SHARING;AAHAAJAAA
0610002;0610;AAB;2;SELF CONSUPTION;AAHAAJAAB
0611;06;AAK;1;DESTINATION;AAHAAK
0611001;0611;AAA;2;SOUVENIR GIFT;AAHAAKAAA
07;;AAI;0;JEWELLERY;AAI
0701;07;AAA;1;LADIES REAL JEWELLERY;AAIAAA
0702;07;AAB;1;LADIES COSTUME JEWELLERY;AAIAAB
0702001;0702;AAA;2;RINGS;AAIAABAAA
0702002;0702;AAB;2;BRASLETS;AAIAABAAB
0702003;0702;AAC;2;EARRINGS;AAIAABAAC
0702004;0702;AAD;2;NECKLACES;AAIAABAAD
0702005;0702;AAE;2;PENDANTS;AAIAABAAE
0702006;0702;AAF;2;HOOPS;AAIAABAAF
0702007;0702;AAG;2;Phone Accessory;AAIAABAAG
0702008;0702;AAH;2;Cuff Links;AAIAABAAH
0702009;0702;AAI;2;Charm;AAIAABAAI
0702010;0702;AAJ;2;Aksses for hair;AAIAABAAJ
0702011;0702;AAK;2;Brooch;AAIAABAAK
0703;07;AAC;1;GENTS REAL JEWELLERY;AAIAAC
0704;07;AAD;1;GENTS COSTUME JEWELLERY;AAIAAD
0705;07;AAE;1;PEARL JEWELLERY;AAIAAE
0706;07;AAF;1;AMBER;AAIAAF
0707;07;AAG;1;WRITING INSTRUMENTS;AAIAAG
0708;07;AAH;1;LIGHTER;AAIAAH
0709;07;AAI;1;SOUVENIR JEWELLERY;AAIAAI
0710;07;AAJ;1;CIGAR ACCESSORIES;AAIAAJ
0711;07;AAK;1;Mobile Accessory;AAIAAK
0712;07;AAL;1;Handbag;AAIAAL
0713;07;AAM;1;Accessory;AAIAAM
0715;07;AAO;1;Sets;AAIAAO
0716;07;AAP;1;Belt;AAIAAP
0717;07;AAQ;1;Pen;AAIAAQ
0718;07;AAR;1;Watches;AAIAAR
08;;AAJ;0;GLASS/CHINA/GIFTS;AAJ
0801;08;AAA;1;CRYSTAL/GLASS;AAJAAA
0801001;0801;AAA;2;Tableware;AAJAAAAAA
0801002;0801;AAB;2;Ornaments;AAJAAAAAB
0801003;0801;AAC;2;Figurines;AAJAAAAAC
0801004;0801;AAF;2;Objects;AAJAAAAAF
0804;08;AAD;1;JEWELLERY;AAJAAD
0804001;0804;AAA;2;Pendants / Necklaces;AAJAADAAA
0804002;0804;AAB;2;Earrings;AAJAADAAB
0804003;0804;AAC;2;Bracelets;AAJAADAAC
0804004;0804;AAD;2;Rings;AAJAADAAD
0804005;0804;AAE;2;Brooches;AAJAADAAE
0804007;0804;AAH;2;Sets;AAJAADAAH
0804008;0804;AAI;2;Accessories;AAJAADAAI
0804009;0804;AAJ;2;Sets;AAJAADAAJ
0805;08;AAE;1;Accessories;AAJAAE
0805001;0805;AAA;2;Handbags;AAJAAEAAA
0805002;0805;AAB;2;Small Purses;AAJAAEAAB
0805003;0805;AAE;2;Tatooes;AAJAAEAAE
0805004;0805;AAD;2;Belts;AAJAAEAAD
0805005;0805;AAF;2;USB;AAJAAEAAF
0805006;0805;AAG;2;Headphones;AAJAAEAAG
0805007;0805;AAH;2;Phone mobile accessories;AAJAAEAAH
0805008;0805;AAI;2;Key ring;AAJAAEAAI
0805009;0805;AAJ;2;Pen;AAJAAEAAJ
0806;08;AAF;1;Self Service;AAJAAF
0806001;0806;AAA;2;Pendant;AAJAAFAAA
0806002;0806;AAB;2;Bracelet;AAJAAFAAB
0806003;0806;AAC;2;Earrings;AAJAAFAAC
0806004;0806;AAD;2;Sets;AAJAAFAAD
0806005;0806;AAE;2;Pen;AAJAAFAAE
0806006;0806;AAF;2;Rings;AAJAAFAAF
0808;08;AAH;1;Watches;AAJAAH
09;;AAK;0;SOUVENIRS;AAK
0901;09;AAA;1;MATRIOSHKA DOLLS;AAKAAA
0901001;0901;AAA;2;Matrioshka 3 pcs;AAKAAAAAA
0901002;0901;AAB;2;Matrioshka 4 pcs;AAKAAAAAB
0901003;0901;AAC;2;Matrioshka 5 pcs;AAKAAAAAC
0901004;0901;AAD;2;Matrioshka 7 pcs;AAKAAAAAD
0901005;0901;AAE;2;Matrioshka 8 pcs;AAKAAAAAE
0901006;0901;AAF;2;Matrioshka 10 pcs;AAKAAAAAF
0901007;0901;AAG;2;Matrioshka 6 pcs;AAKAAAAAG
0901008;0901;AAH;2;Matrioshka 9 pcs;AAKAAAAAH
0901009;0901;AAI;2;Matrioshka 15 pcs;AAKAAAAAI
0902;09;AAB;1;Eggs;AAKAAB
0902001;0902;AAA;2;Faberge Eggs;AAKAABAAA
0902002;0902;AAB;2;Eggs other;AAKAABAAB
0911;09;AAK;1;Dishes;AAKAAK
0911001;0911;AAA;2;Plate;AAKAAKAAA
0911002;0911;AAB;2;Mug;AAKAAKAAB
0911003;0911;AAC;2;Spoon;AAKAAKAAC
0911004;0911;AAD;2;Glass;AAKAAKAAD
0911005;0911;AAE;2;Vase;AAKAAKAAE
0912;09;AAL;1;Dolls;AAKAAL
0912001;0912;AAA;2;Dolls others;AAKAALAAA
0912002;0912;AAB;2;Kukli Gilini Maslennikovoy;AAKAALAAB
0912003;0912;AAC;2;Kukli Leksikova;AAKAALAAC
0913;09;AAM;1;HOHLOMA;AAKAAM
0915;09;AAO;1;Shamrock Souvenirs;AAKAAO
0915001;0915;AAA;2;Babooshka Babes;AAKAAOAAA
0915002;0915;AAB;2;Classic Range;AAKAAOAAB
0915003;0915;AAC;2;Fluffy Bear;AAKAAOAAC
0915004;0915;AAD;2;I love Moscow;AAKAAOAAD
0915005;0915;AAE;2;Other;AAKAAOAAE
0915006;0915;AAF;2;Mens T-Shirts;AAKAAOAAF
0915007;0915;AAG;2;Ladies T-Shirts;AAKAAOAAG
0915008;0915;AAH;2;Kids T-Shirts;AAKAAOAAH
0915009;0915;AAI;2;Hoodies;AAKAAOAAI
0916;09;AAP;1;Bag;AAKAAP
0917;09;AAQ;1;Boxes;AAKAAQ
0917001;0917;AAA;2;Fedoskino;AAKAAQAAA
0917002;0917;AAB;2;Holuy;AAKAAQAAB
0917003;0917;AAC;2;Palekh;AAKAAQAAC
0917004;0917;AAD;2;Other;AAKAAQAAD
0917005;0917;AAE;2;Mstera;AAKAAQAAE
0918;09;AAR;1;Clothes;AAKAAR
0918001;0918;AAA;2;T-Shirt;AAKAARAAA
0918002;0918;AAB;2;Baseball;AAKAARAAB
0918003;0918;AAC;2;Hat;AAKAARAAC
0918004;0918;AAD;2;Socks;AAKAARAAD
0918005;0918;AAE;2;Platok;AAKAARAAE
0918006;0918;AAF;2;Hoodies;AAKAARAAF
0919;09;AAS;1;Jewellery;AAKAAS
0921;09;AAU;1;Souvenirs other;AAKAAU
0921001;0921;AAA;2;Other;AAKAAUAAA
0921002;0921;AAB;2;Magnet;AAKAAUAAB
0921003;0921;AAG;2;Beresta;AAKAAUAAG
0921004;0921;AAC;2;Brelok;AAKAAUAAC
0921005;0921;AAD;2;Nevalyashka;AAKAAUAAD
0921006;0921;AAE;2;Bells;AAKAAUAAE
0921007;0921;AAF;2;Plate;AAKAAUAAF
0921008;0921;AAH;2;Mug;AAKAAUAAH
0921009;0921;AAI;2;Food;AAKAAUAAI
0921010;0921;AAJ;2;Celebraition;AAKAAUAAJ
0921011;0921;AAK;2;Figurines;AAKAAUAAK
0921012;0921;AAL;2;Games;AAKAAUAAL
0921013;0921;AAM;2;Icons;AAKAAUAAM
0921014;0921;AAN;2;Heraldry;AAKAAUAAN
0921015;0921;AAO;2;Musical Instruments;AAKAAUAAO
0921016;0921;AAP;2;Planes;AAKAAUAAP
0921017;0921;AAQ;2;Bag;AAKAAUAAQ
0923;09;AAW;1;SOCHI 2014;AAKAAW
0923001;0923;AAA;2;Mug;AAKAAWAAA
0923002;0923;AAB;2;Magnet;AAKAAWAAB
0923003;0923;AAC;2;Brelok;AAKAAWAAC
0923004;0923;AAD;2;Other;AAKAAWAAD
0923005;0923;AAE;2;Office accessories;AAKAAWAAE
0923006;0923;AAF;2;Bags;AAKAAWAAF
0923007;0923;AAG;2;Dishes other;AAKAAWAAG
0923008;0923;AAH;2;Hohloma;AAKAAWAAH
0923009;0923;AAI;2;Boxes;AAKAAWAAI
0923010;0923;AAJ;2;Matrioshka Dolls;AAKAAWAAJ
0924;09;AAX;1;Planes;AAKAAX
0925;09;AAY;1;Office Accessories;AAKAAY
0925001;0925;AAA;2;Pen/Pencil;AAKAAYAAA
0926;09;AAZ;1;TOYS;AAKAAZ
10;;AAM;0;DELICATESSEN;AAM
1001;10;AAA;1;Caviar;AAMAAA
1001001;1001;AAA;2;Salmon caviar;AAMAAAAAA
1001002;1001;AAB;2;Sturgeon caviar;AAMAAAAAB
1002;10;AAB;1;Sausages;AAMAAB
1002001;1002;AAA;2;Long Loaf;AAMAABAAA
1002002;1002;AAB;2;Cutting;AAMAABAAB
1002003;1002;AAC;2;Snack;AAMAABAAC
11;;AAN;0;TOYS;AAN
1101;11;AAA;1;TOYS;AANAAA
1101001;1101;AAA;2;Russ Berrie;AANAAAAAA
1101002;1101;AAB;2;Lego;AANAAAAAB
1101003;1101;AAC;2;Hasbro;AANAAAAAC
1101004;1101;AAD;2;Mattel;AANAAAAAD
1101005;1101;AAE;2;Barbie;AANAAAAAE
1101006;1101;ACD;2;Sima-land;AANAAAACD
1101007;1101;AAG;2;Cars;AANAAAAAG
1101009;1101;AAI;2;Soft Toys;AANAAAAAI
1101010;1101;ACE;2;Maxi Toys;AANAAAACE
1101011;1101;ACF;2;Multi-Pulti;AANAAAACF
1101012;1101;AAL;2;Nici;AANAAAAAL
1101013;1101;AAM;2;Aurora;AANAAAAAM
1101014;1101;AAN;2;Bakugan;AANAAAAAN
1101015;1101;AAO;2;Bratz;AANAAAAAO
1101016;1101;AAP;2;Disney;AANAAAAAP
1101017;1101;AAQ;2;Welly;AANAAAAAQ
1101018;1101;AAR;2;Zapf;AANAAAAAR
1101019;1101;AAS;2;Zoobles;AANAAAAAS
1101020;1101;AAT;2;Moxie;AANAAAAAT
1101021;1101;AAU;2;Bandai;AANAAAAAU
1101022;1101;AAV;2;Jakks Pacific;AANAAAAAV
1101023;1101;AAW;2;Spin Master;AANAAAAAW
1101024;1101;AAX;2;Hello Kitty;AANAAAAAX
1101025;1101;AAY;2;Chap Mei;AANAAAAAY
1101026;1101;AAZ;2;Sochi Toys;AANAAAAAZ
1101027;1101;ABA;2;Little Tikes;AANAAAABA
1101028;1101;ABB;2;MGAe;AANAAAABB
1101029;1101;ABC;2;Taf Toys;AANAAAABC
1101030;1101;ABD;2;Monsuno;AANAAAABD
1101031;1101;ABE;2;Bondibon;AANAAAABE
1101032;1101;ABF;2;Just Play;AANAAAABF
1101033;1101;ABG;2;Bburago;AANAAAABG
1101034;1101;ABH;2;Ben Bat;AANAAAABH
1101035;1101;ABI;2;Buzz Bee Toys;AANAAAABI
1101036;1101;ABJ;2;Carrera;AANAAAABJ
1101037;1101;ABK;2;Crayola;AANAAAABK
1101038;1101;ABL;2;Dragon;AANAAAABL
1101039;1101;ABM;2; Famosa;AANAAAABM
1101040;1101;ABN;2;KODKOD;AANAAAABN
1101041;1101;ABO;2;MEGA BLOKS;AANAAAABO
1101042;1101;ABP;2;Technoparñk;AANAAAABP
1101043;1101;ABQ;2;PIATNIK;AANAAAABQ
1101044;1101;ABR;2;TACTIC;AANAAAABR
1101045;1101;ABS;2;Trudi;AANAAAABS
1101046;1101;ABT;2;Vivid;AANAAAABT
1101047;1101;ABU;2;Bebelino;AANAAAABU
1101048;1101;ABY;2;Clementoni;AANAAAABY
1101049;1101;ABW;2;KidzTech;AANAAAABW
1101050;1101;ABX;2;Mondo Motors;AANAAAABX
1101051;1101;ABZ;2;TECH 4 KIDS;AANAAAABZ
1101052;1101;ACA;2;Moose;AANAAAACA
1101053;11;AAD;1;FASHION ANGELS;AANAAD
1101054;11;AAE;1;BRIDGE;AANAAE
1101055;11;AAF;1;Revell;AANAAF
1101056;11;AAG;1;BRIGHT STARTS;AANAAG
1101057;11;AAH;1;Sylvanian Families;AANAAH
1101058;11;AAI;1;Chuggington;AANAAI
1101059;1101;ACB;2;WWF;AANAAAACB
1101060;1101;ACC;2;Scorpio;AANAAAACC
1101061;1101;ACG;2;Funrise;AANAAAACG
1101062;1101;ACH;2;Voov;AANAAAACH
1101063;1101;ACI;2;Filly;AANAAAACI
1101064;1101;ACJ;2;Flying Fairy;AANAAAACJ
1101065;1101;ACK;2;Savvi;AANAAAACK
1101066;11;AAJ;1;Dracco;AANAAJ
1101067;11;AAK;1;Ravensburger;AANAAK
1101068;11;AAL;1;Gorod Masterov;AANAAL
1103;11;AAC;1;Promo Goods;AANAAC
12;;AAO;0;WATCHES;AAO
1201;12;AAA;1;COUTURE RETAIL>5000 USD;AAOAAA
1202;12;AAB;1;PRESTIGE R.P. 2000 TO 4999 USD;AAOAAB
1203;12;AAC;1;UPPER MID MARKET 1000-1999 USD;AAOAAC
1204;12;AAD;1;MID MARKET 200-999 USD;AAOAAD
1205;12;AAE;1;BUDGET WATCHES;AAOAAE
1206;12;AAF;1;CLOCKS;AAOAAF
1207;12;AAG;1;Mid Watches 100-199;AAOAAG
13;;AAP;0;MUSIC/VIDEO;AAP
1301;13;AAA;1;CD'S;AAPAAA
1301001;1301;AAA;2;RUSSIAN POP;AAPAAAAAA
1301002;1301;AAB;2;CLASSIC MUSIC;AAPAAAAAB
1301003;1301;AAC;2;FOLK MUSIC;AAPAAAAAC
1301004;1301;AAD;2;INTERNATIONAL POP;AAPAAAAAD
1301005;1301;AAE;2;INTERNATIONAL POP (firm);AAPAAAAAE
1302;13;AAB;1;DVD'S;AAPAAB
1302001;1302;AAA;2;DVD'S;AAPAABAAA
1303;13;AAC;1;MP3;AAPAAC
14;;AAV;0;FOODS / DRINKS;AAV
1401;14;AAA;1;Caviar;AAVAAA
1402;14;AAB;1;TEA;AAVAAB
1403;14;AAC;1;COFFEE;AAVAAC
15;;AAR;0;LITERATURE;AAR
1501;15;AAA;1;Books;AARAAA
1501001;1501;AAA;2;Children's literature;AARAAAAAA
1501002;1501;AAB;2;Ñoloring;AARAAAAAB
1501003;1501;AAC;2;Detective;AARAAAAAC
1501004;1501;AAD;2;Fantastic;AARAAAAAD
1501005;1501;AAE;2;Klassika;AARAAAAAE
1501006;1501;AAF;2;Narrative literature;AARAAAAAF
1501007;1501;AAG;2;Pocket;AARAAAAAG
1502;15;AAB;1;Magazines;AARAAB
1503;15;AAC;1;Travel guides;AARAAC
1504;15;AAD;1;Automaps;AARAAD
1505;15;AAE;1;Other;AARAAE
1506;15;AAF;1;Calendars;AARAAF
16;;AAW;0;FASHION;AAW
1601;16;AAA;1;LADIES CLOTHING;AAWAAA
1601001;1601;AAA;2;Underwear;AAWAAAAAA
1601002;1601;AAB;2;Swimwear;AAWAAAAAB
1601003;1601;ABG;2;Tights;AAWAAAABG
1601004;1601;ABH;2;Leggings;AAWAAAABH
1601005;1601;AAE;2;T-Shirt S/S;AAWAAAAAE
1601006;1601;AAF;2;Shorts;AAWAAAAAF
1601008;1601;AAH;2;Skirt;AAWAAAAAH
1601011;1601;AAK;2;Jacket;AAWAAAAAK
1601013;1601;AAM;2;Sweater;AAWAAAAAM
1601014;1601;AAN;2;L/S woven shirt;AAWAAAAAN
1601015;1601;AAO;2;L/S polo;AAWAAAAAO
1601016;1601;AAP;2;Dress;AAWAAAAAP
1601018;1601;AAR;2;S/S polo;AAWAAAAAR
1601020;1601;AAT;2;Sweatshirt;AAWAAAAAT
1601023;1601;AAW;2;Jeans;AAWAAAAAW
1601024;1601;AAX;2;L/S best polo;AAWAAAAAX
1601025;1601;AAY;2;Pants;AAWAAAAAY
1601026;1601;AAZ;2;S/S best polo;AAWAAAAAZ
1601027;1601;ABA;2;S/S woven shirt;AAWAAAABA
1601028;1601;ABB;2;Sking jacket;AAWAAAABB
1601029;1601;ABC;2;Sking trousers;AAWAAAABC
1601030;1601;ABD;2;Tracksuit;AAWAAAABD
1601031;1601;ABE;2;Tracksuit pants;AAWAAAABE
1601032;1601;ABF;2;T-shirt L/S;AAWAAAABF
1602;16;AAB;1;GENTS CLOTHING;AAWAAB
1602001;1602;AAA;2;Shirts;AAWAABAAA
1602002;1602;AAB;2;T-shirt S/S;AAWAABAAB
1602004;1602;AAD;2;Underwear;AAWAABAAD
1602005;1602;AAE;2;Swimwear;AAWAABAAE
1602008;1602;AAH;2;Shorts;AAWAABAAH
1602011;1602;AAK;2;Pants;AAWAABAAK
1602012;1602;AAL;2;Jacket;AAWAABAAL
1602014;1602;AAN;2;Sweater;AAWAABAAN
1602015;1602;AAO;2;L/S woven shirt;AAWAABAAO
1602018;1602;AAR;2;S/S best polo;AAWAABAAR
1602019;1602;AAS;2;L/S best polo;AAWAABAAS
1602020;1602;AAT;2;S/S polo;AAWAABAAT
1602021;1602;AAU;2;Sweatshirt;AAWAABAAU
1602022;1602;AAV;2;L/S polo;AAWAABAAV
1602023;1602;AAW;2;Dress;AAWAABAAW
1602024;1602;AAX;2;Jeans;AAWAABAAX
1602025;1602;AAY;2;S/S woven shirt;AAWAABAAY
1602026;1602;AAZ;2;Sking jacket;AAWAABAAZ
1602027;1602;ABA;2;Sking trousers;AAWAABABA
1602028;1602;ABB;2;Skirt;AAWAABABB
1602029;1602;ABC;2;Tracksuit;AAWAABABC
1602030;1602;ABD;2;Tracksuit pants;AAWAABABD
1602031;1602;ABE;2;T-shirt L/S;AAWAABABE
1603;16;AAC;1;KIDS CLOTHING;AAWAAC
1603001;1603;AAA;2;Dress;AAWAACAAA
1603002;1603;AAB;2;Jacket;AAWAACAAB
1603003;1603;AAC;2;Jeans;AAWAACAAC
1603004;1603;AAD;2;L/S best polo;AAWAACAAD
1603005;1603;AAE;2;L/S polo;AAWAACAAE
1603006;1603;AAF;2;L/S woven shirt;AAWAACAAF
1603007;1603;AAG;2;Pants;AAWAACAAG
1603008;1603;AAH;2;S/S best polo;AAWAACAAH
1603009;1603;AAI;2;S/S polo;AAWAACAAI
1603010;1603;AAJ;2;S/S woven shirt;AAWAACAAJ
1603011;1603;AAK;2;Sking jacket;AAWAACAAK
1603012;1603;AAL;2;Sking trousers;AAWAACAAL
1603013;1603;AAM;2;Skirt;AAWAACAAM
1603014;1603;AAN;2;Sweater;AAWAACAAN
1603015;1603;AAO;2;Sweatshirt;AAWAACAAO
1603016;1603;AAP;2;T-shirt S/S;AAWAACAAP
1603017;1603;AAQ;2;Tracksuit;AAWAACAAQ
1603018;1603;AAR;2;Tracksuit pants;AAWAACAAR
1603019;1603;AAS;2;Shorts;AAWAACAAS
1603020;1603;AAT;2;Swimwear;AAWAACAAT
1603021;1603;AAU;2;T-shirt L/S;AAWAACAAU
1604;16;AAD;1;LADIES ACCESSORIES;AAWAAD
1604001;1604;AAA;2;Scarf;AAWAADAAA
1604002;1604;AAP;2;Hair accessories;AAWAADAAP
1604005;1604;AAE;2;Gloves;AAWAADAAE
1604007;1604;AAG;2;Belt adjustable/reve;AAWAADAAG
1604008;1604;AAH;2;Belt fixed;AAWAADAAH
1604009;1604;AAI;2;Bracelets;AAWAADAAI
1604010;1604;AAJ;2;Cap;AAWAADAAJ
1604011;1604;AAK;2;Hat;AAWAADAAK
1604012;1604;AAL;2;Shoes;AAWAADAAL
1604013;1604;AAM;2;Socks;AAWAADAAM
1604014;1604;AAN;2;Umbrella;AAWAADAAN
1604015;1604;AAO;2;Writing Instruments;AAWAADAAO
1605;16;AAE;1;GENTS ACCESSORIES;AAWAAE
1605001;1605;AAT;2;Lighters;AAWAAEAAT
1605002;1605;AAB;2;Scarf;AAWAAEAAB
1605003;1605;AAU;2;Cufflinks/tie bar;AAWAAEAAU
1605005;1605;AAE;2;Gloves;AAWAAEAAE
1605006;1605;AAF;2;Balls;AAWAAEAAF
1605007;1605;AAG;2;Belt adjustable/reve;AAWAAEAAG
1605008;1605;AAH;2;Belt fixed;AAWAAEAAH
1605012;1605;AAL;2;Bracelets;AAWAAEAAL
1605013;1605;AAM;2;Cap;AAWAAEAAM
1605014;1605;AAN;2;Hat;AAWAAEAAN
1605015;1605;AAO;2;Shoes;AAWAAEAAO
1605016;1605;AAP;2;Socks;AAWAAEAAP
1605017;1605;AAQ;2;Ties;AAWAAEAAQ
1605018;1605;AAR;2;Umbrella;AAWAAEAAR
1605019;1605;AAS;2;Writing Instruments;AAWAAEAAS
1606;16;AAF;1;LADIES BAGS;AAWAAF
1606001;1606;AAA;2;Handbags;AAWAAFAAA
1606006;1606;AAF;2;Tote;AAWAAFAAF
1606007;1606;AAG;2;Cross Body;AAWAAFAAG
1606010;1606;AAJ;2;Backpack;AAWAAFAAJ
1606011;1606;AAK;2;Brief case;AAWAAFAAK
1606012;1606;AAL;2;Business bag;AAWAAFAAL
1606014;1606;AAN;2;Clutch;AAWAAFAAN
1606015;1606;AAO;2;Document bag;AAWAAFAAO
1606016;1606;AAP;2;Messenger bag;AAWAAFAAP
1606017;1606;AAQ;2;Shoulder bag;AAWAAFAAQ
1606018;1606;AAR;2;Travel bag;AAWAAFAAR
1607;16;AAG;1;GENTS BAGS;AAWAAG
1607001;1607;AAA;2;briefcases;AAWAAGAAA
1607005;1607;AAE;2;Cross Body;AAWAAGAAE
1607006;1607;AAF;2;Messenger bag;AAWAAGAAF
1607007;1607;AAG;2;Report Bag;AAWAAGAAG
1607008;1607;AAH;2;Comp Case;AAWAAGAAH
1607009;1607;AAI;2;Tote;AAWAAGAAI
1607010;1607;AAJ;2;Clutch;AAWAAGAAJ
1607011;1607;AAK;2;Business Bag;AAWAAGAAK
1607013;1607;AAM;2;Travel Wallet;AAWAAGAAM
1607015;1607;AAO;2;Backpack;AAWAAGAAO
1607016;1607;AAP;2;Brief case;AAWAAGAAP
1607017;1607;AAQ;2;Document bag;AAWAAGAAQ
1607018;1607;AAR;2;Travel bag;AAWAAGAAR
1610;16;AAJ;1;KIDS BAGS;AAWAAJ
1610001;1610;AAA;2;Handbag;AAWAAJAAA
1610002;1610;AAB;2;Shoulder bag;AAWAAJAAB
1610003;1610;AAC;2;Backpack;AAWAAJAAC
1611;16;AAK;1;UNISEX BAGS;AAWAAK
1611001;1611;AAA;2;Backpack;AAWAAKAAA
1611002;1611;AAB;2;Brief case;AAWAAKAAB
1611003;1611;AAC;2;Camera bag;AAWAAKAAC
1611004;1611;AAD;2;Clutch;AAWAAKAAD
1611005;1611;AAE;2;Cross Body;AAWAAKAAE
1611006;1611;AAF;2;Document bag;AAWAAKAAF
1611007;1611;AAG;2;Handbag;AAWAAKAAG
1611008;1611;AAH;2;Messenger bag;AAWAAKAAH
1611009;1611;AAI;2;Shoulder bag;AAWAAKAAI
1611010;1611;AAJ;2;Tote;AAWAAKAAJ
1611011;1611;AAK;2;Waistbag;AAWAAKAAK
1611012;1611;AAL;2;Travel bag;AAWAAKAAL
1612;16;AAL;1;UNISEX CLOTHING;AAWAAL
1612037;1612;ABK;2;Jacket;AAWAALABK
1612046;1612;ABT;2;Layete;AAWAALABT
1613;16;AAM;1;CHILDRENS CLOTHING;AAWAAM
1614;16;AAN;1;KIDS ACCESSORIES;AAWAAN
1614001;1614;AAA;2;Belt;AAWAANAAA
1614002;1614;AAB;2;Scarf;AAWAANAAB
1614003;1614;AAC;2;Gloves;AAWAANAAC
1614004;1614;AAD;2;Belts adjustable/reve;AAWAANAAD
1614005;1614;AAE;2;Belts fixed;AAWAANAAE
1614006;1614;AAF;2;Bracelets;AAWAANAAF
1614007;1614;AAG;2;Cap;AAWAANAAG
1614008;1614;AAH;2;Hat;AAWAANAAH
1614009;1614;AAI;2;Shoes;AAWAANAAI
1614010;1614;AAJ;2;Socks;AAWAANAAJ
1614015;1614;AAL;2;Umbrella;AAWAANAAL
1615;16;AAO;1;UNISEX ACCESSORIES;AAWAAO
1615001;1615;AAA;2;Belts adjustable/reve;AAWAAOAAA
1615002;1615;AAB;2;Belts fixed;AAWAAOAAB
1615003;1615;AAC;2;Bracelets;AAWAAOAAC
1615004;1615;AAD;2;Cap;AAWAAOAAD
1615005;1615;AAE;2;Gloves;AAWAAOAAE
1615006;1615;AAF;2;Hat;AAWAAOAAF
1615007;1615;AAG;2;Skarf;AAWAAOAAG
1615008;1615;AAH;2;Socks;AAWAAOAAH
1615009;1615;AAI;2;Super leger;AAWAAOAAI
1615010;1615;AAJ;2;TSA lock;AAWAAOAAJ
1615011;1615;AAK;2;Towels;AAWAAOAAK
1615012;1615;AAL;2;Umbrella;AAWAAOAAL
1615013;1615;AAM;2;Writing Instruments;AAWAAOAAM
1615014;1615;AAN;2;Shoes;AAWAAOAAN
1615015;1615;AAO;2;Lighter;AAWAAOAAO
1615016;1615;AAP;2;Tie clip;AAWAAOAAP
1616;16;AAP;1;LADIES SLG;AAWAAP
1616001;1616;AAA;2;Business card H;AAWAAPAAA
1616002;1616;AAB;2;Credit card H;AAWAAPAAB
1616003;1616;AAC;2;Pouch;AAWAAPAAC
1616004;1616;AAD;2;Id coin wallet;AAWAAPAAD
1616005;1616;AAE;2;Key holder;AAWAAPAAE
1616006;1616;AAF;2;Money clip;AAWAAPAAF
1616007;1616;AAG;2;Necessaire;AAWAAPAAG
1616008;1616;AAH;2;Organizer;AAWAAPAAH
1616009;1616;AAI;2;Passport holder;AAWAAPAAI
1616010;1616;AAJ;2;Technology case;AAWAAPAAJ
1616011;1616;AAK;2;Travel bag;AAWAAPAAK
1616012;1616;AAL;2;Wallet;AAWAAPAAL
1617;16;AAQ;1;GENTS SLG;AAWAAQ
1617001;1617;AAA;2;Business card H;AAWAAQAAA
1617002;1617;AAB;2;Credit card H;AAWAAQAAB
1617003;1617;AAC;2;Pouch;AAWAAQAAC
1617004;1617;AAD;2;Id coin wallet;AAWAAQAAD
1617005;1617;AAE;2;Key holder;AAWAAQAAE
1617006;1617;AAF;2;Money clip;AAWAAQAAF
1617007;1617;AAG;2;Necessaire;AAWAAQAAG
1617008;1617;AAH;2;Organizer;AAWAAQAAH
1617009;1617;AAI;2;Passport holder;AAWAAQAAI
1617010;1617;AAJ;2;Technology case;AAWAAQAAJ
1617011;1617;AAK;2;Travel bag;AAWAAQAAK
1617012;1617;AAL;2;Wallet;AAWAAQAAL
1618;16;AAR;1;KIDS SLG;AAWAAR
1619;16;AAS;1;UNISEX SLG;AAWAAS
1619001;1619;AAA;2;Business card H;AAWAASAAA
1619002;1619;AAB;2;Credit card H;AAWAASAAB
1619003;1619;AAC;2;Pouch;AAWAASAAC
1619004;1619;AAD;2;Id coin wallet;AAWAASAAD
1619005;1619;AAE;2;Key holder;AAWAASAAE
1619006;1619;AAF;2;Money clip;AAWAASAAF
1619007;1619;AAG;2;Necessaire;AAWAASAAG
1619008;1619;AAH;2;Organizer;AAWAASAAH
1619009;1619;AAI;2;Passport holder;AAWAASAAI
1619010;1619;AAJ;2;Technology case;AAWAASAAJ
1619011;1619;AAK;2;Travel bag;AAWAASAAK
1619012;1619;AAL;2;Wallet;AAWAASAAL
1620;16;AAT;1;KIDS LUGGAGE;AAWAAT
1621;16;AAU;1;UNISEX LUGGAGE;AAWAAU
1621001;1621;AAA;2;Carry on;AAWAAUAAA
1621002;1621;AAB;2;Carry on garment bag;AAWAAUAAB
1621003;1621;AAC;2;Duffle;AAWAAUAAC
1621004;1621;AAD;2;Jewellery roll;AAWAAUAAD
1621005;1621;AAE;2;Packing case;AAWAAUAAE
1621006;1621;AAF;2;Pet carrier;AAWAAUAAF
1621007;1621;AAG;2;Suitcase;AAWAAUAAG
1621008;1621;AAH;2;Wheeled carry on;AAWAAUAAH
1621009;1621;AAI;2;Wheeled carry on garment bag;AAWAAUAAI
1621010;1621;AAJ;2;Wheeled duffle;AAWAAUAAJ
1621011;1621;AAK;2;Wheeled suitcase;AAWAAUAAK
1621012;1621;AAL;2;Wheeled working bag;AAWAAUAAL
17;;AAY;0;SUNGLASSES;AAY
1701;17;AAA;1;Giorgio Armani;AAYAAA
1702;17;AAB;1;Burberry;AAYAAB
1703;17;AAC;1;Christian Dior;AAYAAC
1704;17;AAD;1;Emporio Armani;AAYAAD
1705;17;AAE;1;Gucci;AAYAAE
1706;17;AAF;1;Ralph;AAYAAF
1707;17;AAG;1;Diesel;AAYAAG
1708;17;AAH;1;Hugo Boss;AAYAAH
1709;17;AAI;1;Dolce & Gabbana;AAYAAI
1710;17;AAJ;1;Ray Ban;AAYAAJ
1711;17;AAK;1;Prada;AAYAAK
1712;17;AAL;1;Versace;AAYAAL
1713;17;AAM;1;Swarovski;AAYAAM
1714;17;AAN;1;Silhouette;AAYAAN
1715;17;AAO;1;D&G;AAYAAO
1716;17;AAP;1;Roberto Cavalli;AAYAAP
1717;17;AAQ;1;DKNY;AAYAAQ
1718;17;AAR;1;Donna Karan;AAYAAR
1719;17;AAS;1;Killer Loop;AAYAAS
1720;17;AAT;1;Police;AAYAAT
1721;17;AAU;1;Miu Miu;AAYAAU
1722;17;AAV;1;Moschino;AAYAAV
1723;17;AAW;1;Givenchy;AAYAAW
1724;17;AAX;1;Oakley;AAYAAX
1725;17;AAY;1;Just Cavalli;AAYAAY
1726;17;AAZ;1;Chopard;AAYAAZ
1727;17;ABA;1;Tom Ford;AAYABA
1728;17;ABB;1;Escada;AAYABB
1729;17;ABC;1;Zegna;AAYABC
1730;17;ABD;1;Loewe;AAYABD
1731;17;ABE;1;Bvlgari;AAYABE
1732;17;ABF;1;Prada Sport;AAYABF
1733;17;ABG;1;Adidas;AAYABG
1734;17;ABH;1;Etro;AAYABH
1735;17;ABI;1;Furla;AAYABI
1736;17;ABJ;1;Maui Jim;AAYABJ
1737;17;ABK;1;Persol;AAYABK
1738;17;ABL;1;Ferrari;AAYABL
1739;17;ABM;1;Pucci;AAYABM
1740;17;ABN;1;Mont Blanc;AAYABN
1741;17;ABO;1;Ray Ban Junior;AAYABO
1742;17;ABP;1;Polo;AAYABP
1743;17;ABQ;1;Versus;AAYABQ
1744;17;ABR;1;Tiffany;AAYABR
1745;17;ABS;1;Ralph Lauren;AAYABS
1746;17;ABT;1;Fendi;AAYABT
1747;17;ABU;1;Police Junior;AAYABU
1748;17;ABV;1;Carrera;AAYABV
1749;17;ABW;1;Valentino;AAYABW
1750;17;ABX;1;Ed Hardy;AAYABX
1751;17;ABY;1;Celine;AAYABY
1752;17;ABZ;1;Dsquared;AAYABZ
1753;17;ACA;1;Tod's;AAYACA
1754;17;ACB;1;Nike;AAYACB
1755;17;ACC;1;Carrera Kids;AAYACC
1756;17;ACD;1;Kenzo;AAYACD
1757;17;ACE;1;Sonia Rykiel;AAYACE
1758;17;ACF;1;Chloe;AAYACF
1759;17;ACG;1;Nina Ricci;AAYACG
1760;17;ACH;1;Galliano;AAYACH
1761;17;ACI;1;Blumarine;AAYACI
1762;17;ACJ;1;Jimmy Choo;AAYACJ
1763;17;ACK;1;Tommy Hilfiger;AAYACK
1764;17;ACL;1;Juicy Cauture;AAYACL
1765;17;ACM;1;Gucci Kids;AAYACM
1766;17;ACN;1;Carolina Herrera;AAYACN
1767;17;ACO;1;Carolina Herrera NY;AAYACO
1768;17;ACP;1;Fila;AAYACP
1769;17;ACQ;1;Dior Kids;AAYACQ
1770;17;ACR;1;Mark Jacobs;AAYACR
1771;17;ACS;1;Lacoste;AAYACS
1772;17;ACT;1;Michael Kors;AAYACT
1773;17;ACU;1;Sting;AAYACU
1774;17;ACV;1;Lozza;AAYACV
1775;17;ACW;1;Timberland;AAYACW
1776;17;ACX;1;Salvatore Ferragamo;AAYACX
1777;17;ACY;1;Christian Dior Kids;AAYACY
1778;17;ACZ;1;Tag Heuer;AAYACZ
1779;17;ADA;1;Polaroid;AAYADA
1780;17;ADB;1;Red Bull;AAYADB
1781;17;ADC;1;Cartier;AAYADC
1782;17;ADD;1;Tous;AAYADD
1783;17;ADE;1;Alexander McQueen;AAYADE
1784;17;ADF;1;Ermenegildo Zegna;AAYADF
18;;ABA;0;BLOCKED;ABA
19;;ABL;0;PACKING;ABL
1901;19;AAA;1;PACKING;ABLAAA
23;;ABF;0;LUXE JEWELLERY;ABF
2301;23;AAA;1;STEFAN HAFNER;ABFAAA
2302;23;AAB;1;ROBERTO COIN;ABFAAB
2303;23;AAC;1;NOUVELLE BAGUE;ABFAAC
2304;23;AAD;1;Pendants/Necklaces;ABFAAD
2305;23;AAE;1;Earrings;ABFAAE
2306;23;AAF;1;Bracelets;ABFAAF
2307;23;AAG;1;Rings;ABFAAG
2308;23;AAH;1;Cufflinks;ABFAAH
2309;23;AAI;1;Brooches;ABFAAI
2310;23;AAJ;1;USB;ABFAAJ
2311;23;AAK;1;Keyring;ABFAAK
2312;23;AAL;1;Money Clip;ABFAAL
2313;23;AAM;1;Writing items;ABFAAM
2314;23;AAN;1;Accessories;ABFAAN
2315;23;AAO;1;Lighter;ABFAAO
2316;23;AAP;1;Tie Bar;ABFAAP
24;;ABG;0;LUXE WATCHES;ABG
2401;24;AAA;1;Steel/Ceramics/Zirconium;ABGAAA
2402;24;AAB;1;Gold/Diamonds;ABGAAB
2403;24;AAC;1;Titanium Watches;ABGAAC
2404;24;AAD;1;Silver Watches;ABGAAD
2405;24;AAE;1;Accessories;ABGAAE
25;;ABH;0;LUXE PHONES/ACCESSORIES;ABH
2501;25;AAA;1;Luxe Mobile Phones;ABHAAA
2502;25;AAB;1;Vertu Accessories;ABHAAB
26;;ABJ;0;PROMOTIONAL GIFTS;ABJ
27;;ABK;0;CATALOGUE;ABK
97;;AAZ;0;BAR Duty Paid;AAZ
9701;97;AAA;1;Alcohol;AAZAAA
9701001;9701;AAA;2;Beers;AAZAAAAAA
9701002;9701;AAB;2;Wine;AAZAAAAAB
9701003;9701;AAC;2;Rum;AAZAAAAAC
9701004;9701;AAD;2;Whiskey;AAZAAAAAD
9701005;9701;AAE;2;Vermouth;AAZAAAAAE
9701006;9701;AAF;2;Vodka;AAZAAAAAF
9701007;9701;AAG;2;Liqueurs;AAZAAAAAG
9701008;9701;AAH;2;Cognac;AAZAAAAAH
9701009;9701;AAI;2;Gin;AAZAAAAAI
9701010;9701;AAJ;2;Tequila;AAZAAAAAJ
9701011;9701;AAK;2;Cocktail;AAZAAAAAK
9701012;9701;AAL;2;Cocktail SVO;AAZAAAAAL
9702;97;AAB;1;Soft drinks;AAZAAB
9702001;9702;AAA;2;Milk Shake;AAZAABAAA
9702002;9702;AAB;2;Juice;AAZAABAAB
9702003;9702;AAC;2;Freshly Squeezed Juices;AAZAABAAC
9702004;9702;AAD;2;Minerals;AAZAABAAD
9703;97;AAC;1;Coffee/Tea;AAZAAC
9703001;9703;AAA;2;Tea;AAZAACAAA
9703002;9703;AAB;2;Coffee Irish;AAZAACAAB
9703003;9703;AAC;2;Hot Chocolate;AAZAACAAC
9703004;9703;AAD;2;Hot Alcohol Drinks;AAZAACAAD
9703005;9703;AAE;2;Others;AAZAACAAE
9703006;9703;AAF;2;Coffee Fresh;AAZAACAAF
9703007;9703;AAG;2;Syrup;AAZAACAAG
9703008;9703;AAH;2;Sugar;AAZAACAAH
9703009;9703;AAI;2;Purchase tea;AAZAACAAI
9703010;9703;AAJ;2;Purchase coffee;AAZAACAAJ
9704;97;AAD;1;Food;AAZAAD
9704001;9704;AAA;2;Hot Dishes;AAZAADAAA
9704002;9704;AAB;2;Garnishes;AAZAADAAB
9704003;9704;AAC;2;Appetizer;AAZAADAAC
9704004;9704;AAD;2;Salads;AAZAADAAD
9704005;9704;AAE;2;Sandwich;AAZAADAAE
9704006;9704;AAF;2;Desserts;AAZAADAAF
9704007;9704;AAG;2;Fruits;AAZAADAAG
9704008;9704;AAH;2;Snacks;AAZAADAAH
9704009;9704;AAI;2;Others;AAZAADAAI
9704010;9704;AAJ;2;Milk Food;AAZAADAAJ
9704011;9704;AAK;2;Ice cream;AAZAADAAK
9704012;9704;AAL;2;Soup;AAZAADAAL
9704013;9704;AAM;2;Confectionary;AAZAADAAM
9704014;9704;AAN;2;Spices;AAZAADAAN
9704015;9704;AAO;2;Sauces;AAZAADAAO
9704016;9704;AAP;2;Ñaviar;AAZAADAAP
9704017;9704;AAQ;2;Bread;AAZAADAAQ
9705;97;AAE;1;Cigarettes;AAZAAE
9705001;9705;AAA;2;Cigarettes;AAZAAEAAA
9705002;9705;AAB;2;Others;AAZAAEAAB
9706;97;AAF;1;Chewing gum;AAZAAF
9706001;9706;AAA;2;Chewing gum;AAZAAFAAA
9707;97;AAG;1;Calculation;AAZAAG
9707001;9707;AAA;2;Alcohol;AAZAAGAAA
9707002;9707;AAB;2;Fruits;AAZAAGAAB
9707003;9707;AAC;2;Ice Cream;AAZAAGAAC
9707004;9707;AAD;2;Minerals and Juice;AAZAAGAAD
9707005;9707;AAE;2;Soup;AAZAAGAAE
9707006;9707;AAF;2;Main courses;AAZAAGAAF
9707007;9707;AAG;2;Vegetables;AAZAAGAAG
9707008;9707;AAH;2;Sauce;AAZAAGAAH
9707009;9707;AAI;2;Sandwich;AAZAAGAAI
9707010;9707;AAJ;2;Appetizer;AAZAAGAAJ
9707011;9707;AAK;2;Salads;AAZAAGAAK
9707012;9707;AAL;2;Hot Dishes;AAZAAGAAL
9707013;9707;AAM;2;Bread;AAZAAGAAM
9707014;9707;AAN;2;Others;AAZAAGAAN
9707015;9707;AAO;2;Milk Food;AAZAAGAAO
98;;AAX;0;Twins;AAX
99;;AAU;0;Bars;AAU
9901;99;AAA;1;Alcohol;AAUAAA
9901001;9901;AAA;2;Vodka;AAUAAAAAA
9901002;9901;AAB;2;Rum;AAUAAAAAB
9901003;9901;AAC;2;Tequila;AAUAAAAAC
9901004;9901;AAD;2;Whisky;AAUAAAAAD
9901005;9901;AAE;2;Cognac;AAUAAAAAE
9901006;9901;AAF;2;Gin;AAUAAAAAF
9901007;9901;AAG;2;Porto/Sherry;AAUAAAAAG
9901008;9901;AAH;2;Wine/Champagne;AAUAAAAAH
9901009;9901;AAI;2;Liqueurs/Balsams;AAUAAAAAI
9901010;9901;AAJ;2;Cocktails;AAUAAAAAJ
9901011;9901;AAK;2;Aperitifs;AAUAAAAAK
9901012;9901;AAL;2;Beers;AAUAAAAAL
9902;99;AAB;1;Soft Drinks;AAUAAB
9902001;9902;AAA;2;Milk Shake;AAUAABAAA
9902002;9902;AAB;2;Juice;AAUAABAAB
9902003;9902;AAC;2;Freshly Squeezed Juices;AAUAABAAC
9902004;9902;AAD;2;Minerals;AAUAABAAD
9902005;9902;AAE;2;Fruits coctails;AAUAABAAE
9903;99;AAC;1;Coffee/Tea;AAUAAC
9903001;9903;AAA;2;Tea;AAUAACAAA
9903002;9903;AAB;2;Coffee Irish;AAUAACAAB
9903003;9903;AAC;2;Hot Chocolate;AAUAACAAC
9903004;9903;AAD;2;Hot Alcohol Drinks;AAUAACAAD
9903005;9903;AAE;2;Others;AAUAACAAE
9903006;9903;AAF;2;Coffee Fresh;AAUAACAAF
9903007;9903;AAG;2;Syrup;AAUAACAAG
9903008;9903;AAH;2;Sugar;AAUAACAAH
9903009;9903;AAI;2;Purchase tea;AAUAACAAI
9903010;9903;AAJ;2;Purchase coffee;AAUAACAAJ
9904;99;AAD;1;Food;AAUAAD
9904001;9904;AAA;2;Hot Dishes;AAUAADAAA
9904002;9904;AAB;2;Garnishes;AAUAADAAB
9904003;9904;AAC;2;Sauces;AAUAADAAC
9904004;9904;AAD;2;Appetizer;AAUAADAAD
9904005;9904;AAE;2;Salads;AAUAADAAE
9904006;9904;AAF;2;Pie;AAUAADAAF
9904007;9904;AAG;2;Sandwich;AAUAADAAG
9904008;9904;AAH;2;Desserts;AAUAADAAH
9904009;9904;AAI;2;Fruits;AAUAADAAI
9904010;9904;AAJ;2;Snacks;AAUAADAAJ
9904011;9904;AAK;2;Others;AAUAADAAK
9904012;9904;AAL;2;Milk food;AAUAADAAL
9904013;9904;AAM;2;Ice cream;AAUAADAAM
9904014;9904;AAN;2;Bagets;AAUAADAAN
9904015;9904;AAO;2;Îðåøêè Felix;AAUAADAAO
9904016;9904;AAP;2;Soup;AAUAADAAP
9904017;9904;AAQ;2;Combo;AAUAADAAQ
9904018;9904;AAR;2;Confectionary;AAUAADAAR
9905;99;AAE;1;Cigarettes;AAUAAE
9905001;9905;AAA;2;Cigarettes;AAUAAEAAA
9905003;9905;AAC;2;Others;AAUAAEAAC
