Vendor_Code;Vendor_Name;Addr;Addr2;City;Contact;Phone;Currency_Code;Blocked;Prices_Including_VAT;Fax;INN;EMail;OKPO_Code;Full_Name;KPP_Code;Alcohol_Vendor_Type
AA_ECO;Арт Альянс ЭКО;;;;;;;0;1;;;;;;;0
AA_USA_LLC;Art Alliance LLC;4450 S. Park Ave .MD 20815;MD 20815;;;+13019515137;;0;1;+12404652293;;;;;;0
I_SUP001;ЗАО "Русская вино-водочная ком;Россия,г.Москва;ул. Донская,д.12,корп.2;;;9374703;RUB;0;0;9374702;7724191384;;;;99735001;0
I_SUP002;ЗАО "Руст Инкорпорэйтэд";Россия, г. Москва;ул. 1905 года,д.7;;;;RUB;0;0;;7703058663;;;;044583151;0
I_SUP003;ООО "АСТ-Интернэшнл Инваэромэнт";Каширский пр-д, д. 23, стр. 4, 1 этаж, помещение 3;;Москва;;(495)411-53-40;RUB;0;1;;7712037444;;40052395;Общество с ограниченной ответственностью "АСТ-интернэшнл инваэронмэнт";772701001;0
I_SUP004;ООО "Гимра";;;;;;RUB;0;0;;;;;;;0
I_SUP005;ООО "ТК Океан";;;;;;RUB;0;0;;;;;;;0
I_SUP006;ООО "Еврoсервис";;;;;;RUB;0;0;;;;;;;0
I_SUP007;ООО "Русагроторг";Россия, г.Москва;ул. Нежинская,д.19,корп.1;;;;RUB;0;0;;7729368010;;;;772901001;0
I_SUP008;ООО "Премиум-Фудс"; ул.Тихвинская,д.20;;;;9730727;RUB;0;0;;7715533144;;;;771501001;0
I_SUP009;ООО "Агрос Эко";;;;;;RUB;0;0;;;;;;;0
I_SUP010;ООО "Аякс-Пресс";ул. Мастеркова д.4;;Москва;;+7 (495) 725-08-94;RUB;0;1;;7725113244;;52457753;Общество с ограниченной ответственностью "Аякс-Пресс";772501001;0
I_SUP011;Chateau Le Grand Vostock;;;;;;RUB;0;0;;;;;;;0
I_SUP012;ООО "ПепсиКо Холдингс";Московская обл., Солнечногорский район территория;;;;+7(095)797-61-00;RUB;0;1;;7705034202;;;Общество с ограниченной ответственностью "Пепси Холдингс";509950001;0
I_SUP013;ООО "Бибендум";ул.Мытная д.13, кор.1;;;;995-11-34;RUB;0;0;;;;;;;0
I_SUP014;ООО "Форин Ленд Компани";;;;;;RUB;0;0;;;;;;;0
I_SUP015;ОАО "Эльдорадо М";Стахановская д.6;;;;(095) 171-92-62;RUB;0;0;;;;;;;0
I_SUP016;ООО "ТК СТЕНЛИ+";ул. Годовикова, д.9;;;;721-29-80;RUB;0;0;;;;;;;0
I_SUP017;ЗАО "БРПИ";Огородный проезд, д. 16;;Москва;;967-37-01;RUB;0;0;;7715057618;;03203689;Закрытое акционерное общество "БРПИ";771501001;0
I_SUP018;ЗАО "Домодедово ЭР Сервис";Домодед. р-н, а/п Домодедово;;;;323-87-29;RUB;0;0;;;;;;;0
I_SUP019;ЗАО "ЭМБОРГ АО";Ступинский пр-д, 1/А;;;;728-41-40;RUB;0;0;;;;;;;0
I_SUP020;OOO "Vremena Goda";Россия, г.Москва;Дмитровское шоссе,4512;;;7484436;RUB;0;0;7484437;7713085585;;;;774101001;0
I_SUP021;ООО "Комплекс Бар";;;;;;RUB;0;0;;;;;;;0
I_SUP022;ООО "Компания Август";;;;;;RUB;0;0;;;;;;;0
I_SUP023;ООО "Линн Гранд";;;;;;RUB;0;0;;;;;;;0
I_SUP024;ООО "Фаст Фуд Индастриз";;;;;;RUB;0;0;;;;;;;0
I_SUP025;ООО "Агама Трэйд";;;;;;RUB;0;0;;;;;;;0
I_SUP026;ООО "Компания Гринфилдс";ул. Самотечная д. 1/15;;Москва;;231-22-44;RUB;0;0;;7727650491;;85817180;Общество с ограниченной ответственностью "Компания Гринфилдс";770701001;0
I_SUP027;ООО "Гранд-Сити";г.Москва ул.Гиляровского д.3/1;;;;;RUB;0;0;;;;;;;0
I_SUP028;ЗАО "Домодедово Аэротэль";;;;;;RUB;0;0;;;;;;;0
I_SUP029;ООО "Алеф Трейд";ул. Краснобогатырская д.90 к.2;;;;;RUB;0;0;;7718502433;;;;771801001;0
I_SUP030;Афиша Индастриз;;;;;;RUB;0;0;;;;;;;0
I_SUP031;ООО "Прод М";г. Муром ул. Расковой д. 13;;;;545-88-01;RUB;0;0;;;;;;;0
I_SUP032;ООО "Восток-Запад";Солнечногорский район, д. Елино;ул. Зеленоградская стр. 1;Московская область;;;RUB;0;0;;7743623093;;98327626;Общество с ограниченной ответственностью "Восток-Запад Столица";774301001;0
I_SUP033;ЗАО ТД "Северная Компания";ул. Салтыковская д. 8;;Москва;;(495) 984-69-69;RUB;0;1;;7706542914;;51214197;Закрытое акционерное общество Торговый Дом "Северо-Восточная Компание СВК";770601001;0
I_SUP034;ООО "Одинцовская кон-ая ф-ка";Россия, Московская область; деревня  Малые Вяземы д.20;;;9730727;RUB;0;0;9730729;5032056319;;;;503201001;0
I_SUP035;ООО "Рекламная группа Олмакс";г. Москва ул Марксистская д.20;;;;;RUB;0;0;;;;;;;0
I_SUP036;ООО "КОНФАЭЛЬ";Россия,Московская область;ул.Коммунальный квартал д.3;Красногорск;;+7495777-1-333;RUB;0;0;+7495777-1-333;5009043336;;;;500901001;0
I_SUP037;ООО "Токалс";Москва Автомобильный пр.;д.10 стр. 15;;;;RUB;0;0;;7722659934/772202001;;;;;0
I_SUP038;ООО СК "ТОРГОВЛЯ";Россия,Москва;Ленинградское ш., д.69;;;+74952410808;RUB;0;0;+74957421817;5009043336;esannikova@sevcom.ru;;;500901001;0
I_SUP039;ООО Издательский Дом "ПоРог";г.Москва, ул.Дмитровский;проезд,д.20,корп.2;;;+7(495)6110339;RUB;0;0;;7713335771;;;;771301001;0
I_SUP040;ООО "Торговая Компания Океан+";Москва,ул.Коптевская,д73Бстр1;Москва,ул.Коптевская,д73Бстр1;;;+7(495)450-10-88;RUB;0;0;;7734150919;;;;774301001;0
I_SUP041;ООО ТД "С-ВК СВК";Филевский бульвар,д.1;Филевский бульвар,д.1;Москва;;984-69-69;RUB;0;0;700-60-30;7730716022;;;ООО Торговый Дом "Северо-Восточная Компания СВК";773001001;0
I_SUP042;ООО "Нью-Оптика";ул. Усиевича, д. 24/2;;Москва;;(495)956-50-35;RUB;0;1;956-50-34;7712101883;;18619591;Общество с ограниченной ответственностью ООО "Нью-Оптика";774301001;0
I_SUP043;СП ЗАО "СОВЕР-М";Москва,Б.Чудов пер,д.8 стр.1;;;Васильева Ирина Юрьевна;(495)-246-07-67/246-20-05;RUB;0;0;245-72-00/245-73-87;7728044119;;;;770401001;0
I_SUP044;ООО "Фирма "ЛОТОС-ЛЕНД";Проектируемый 5167-й проезд, д. 9, стр 1, пом. 1;1 этаж, комната № 2д, комната № 2о;Москва;;;RUB;0;0;;2312026671;;26997255;Общество с ограниченной ответственностью "Фирма ЛОТОС-ЛЭНД";773203001;0
I_SUP045;ООО "АМАТТИ ЦЕНТР";г.Москва 4-й Лихачёвский п.д15;;;;540-71-86;RUB;0;0;154-02-81;5018061363;;;;;0
I_SUP046;ООО "ТАЙМВЕЙ ГРУПП";Москва,Новоясеневский пр-т д4;;;;495-660-86-54;RUB;0;0;;7728591030;;;;772801001;0
I_SUP047;ООО "СМАРТ";г.Москва ул.Сад.-Черногрязская;;;;;RUB;0;0;;7701571742;;;;770101001;0
I_SUP048;ООО "КОНТАКТ ТРЕЙДИНГ";Москва ул.3-я Владимирская,д.3;корп.1;;Майоров Дмитрий/Грязев Роман;1631192/1649451;RUB;0;0;;7720580534;;;;772001001;0
I_SUP049;ООО "СИТИ ТОЙЗ";Моск.обл,Ленинский р-н;МКАД 47 км,стр 16 оф 4;;;495-799-96-18;RUB;0;0;;5003056498;;;;500301001;0
I_SUP050;ООО "СНС Сервис";г.Москва Кавказский б-р д.57;;;;495-325-17-42;RUB;0;0;;;;;;;0
I_SUP051;ООО "ОЛЛВИН";г.Москва,ул.Зорге,д.28;;;Селютина Наталья;769-71-27/315-98-13;RUB;0;0;;7714142525;;;;771401001;0
I_SUP052;ООО "Формула доставки";г. Москва ул. Марксиская;д.34 кор. 8;;;;RUB;0;0;;7709544300;;;;;0
I_SUP053;ООО "Самсонайт";ул. Обручева дом 30/1, стр.2;;Москва;;725-39-79;RUB;0;1;;7706644419;;98970380;Общество с ограниченной ответственностью ООО "Самсонайт";772801001;0
I_SUP054;ЗАО "Астрайт";Юр.ад Звездный бульв д21,стр1;;;Наталья Стебловская;615-84-57;RUB;0;0;;7702159644;;;;771701001;0
I_SUP055;ООО "АС-Маркет";Юр. гОдинцово-2 Пос-кЗападный;Почт Одинц р-нПос-кЛетнОтдых;;Игорь;8-498-696-00-10(11);RUB;0;0;;5032051293;;;;503201001;0
I_SUP056;ООО "ДИСКОМ";Москва, Изюмская, 49;;;Даницкий Андрей;336-90-11;RUB;0;0;;7727575685;;;;772701001;0
I_SUP057;ООО "Аваль-О";юр Ленинский пр-т,4 стр1А;п Угрешская, 2 стр.74, 103;;Яндулова Ольга Григорьевна;139-72-89;RUB;0;0;;7706232197;;;;770601001;0
I_SUP058;ООО "Сувенирофф.ру";г. Москва ул. Тверская-Ямская;4-ая д.14 корп. 3;;;(495)223-23-29;RUB;0;0;;;;;;;0
I_SUP059;ООО "Алеф Кофе и Чай";Сиреневый бульвар, д.65, стр.1;4я Тверская-Ямская,22 стр2;;;7456662;RUB;0;1;;7719507219;;;;771901001;0
I_SUP060;ООО "Люкс Старз";125368 Москва Барышиха,19;;;;641-44-10;RUB;0;0;;7733553601;;;;773301001;0
I_SUP061;ООО "ЭКЗОТИКА";121087 Москва, Багратионовский;Багратионовский пр-д,1стр2;;Костькин Алексей;148-17-67;RUB;0;0;;7730537055;;;;7730001001;0
I_SUP062;ООО "Мир фэнтези";123060 Москва Маршала Рыбалко,;дом11;123060;Ткачева Лина Романовна;721-32-48;RUB;0;0;721-32-48;7734572967;lina_tc@mail.ru;;;773401001;0
I_SUP063;OOО Найк;Москва, ул.Обручева д.30/1 с.2;Москва, ул.Обручева д.30/1 с.2;г. Москва;495-5407252;495-5407252;RUB;0;1;495-5407250;7702345288;;;;772801001;0
I_SUP064;ООО "Идея Икс";г. Москва ул. Новая Басманная;д.28 стр. 1 офис 23;;;(495) 223-23-29;RUB;0;0;;;;;;;0
I_SUP065;ООО "Столичные Сладости";Алтуфьевское шоссе, д.37, стр. 8;;Москва;;482-34-18;RUB;0;1;;7702659189;;84067009;Общество с ограниченной ответственностью "Столичные сладости";770201001;0
I_SUP066;ООО "БКпроект";г. Москва Старомонетный пер.;д. 9  кв.стр. 1;;;;RUB;0;0;;7706660474;;;;;0
I_SUP067;ООО "ТойДиКо";Атарбекова, 4;107076;;Абрамов Виталий;7-499-964-47-30;RUB;0;1;;7718152281;;;;771801001;0
I_SUP068;ООО "Биг Трейд";Каширский пр-д, д. 23, стр. 7;;Москва;;411-89-19;RUB;0;0;;7727642116;;84820642;Общество с ограниченной ответственностью "БИГ ТРЭЙД";772701001;0
I_SUP069;ООО "СВАМ Дистрибьюшн";Сходненская д.33;;;;;RUB;0;0;;7733578194;;;;;0
I_SUP070;ООО «Панэм»;г. Москва ул. Прянишникова;д.23;;;;RUB;0;0;;7713545419;;;;;0
I_SUP071;ООО «Кока-Кола ЭйБиСи Евразия»;ул. Баумана д. 66;;Нижний Новгород;;8(495)737-77-77;RUB;0;1;;7701215046;;13235549;Общество с ограниченной ответственностью "Кока-Кола ЭйБиСи Евразия";773203001;0
I_SUP072;ООО "Торговый Дом РУСДЕЛ";ул. Тверская, д. 19/31, стр.1, офис 45;;Москва;;787-91-06;RUB;0;1;;7710469520;;70117293;Общество с ограниченной ответственностью "Торговый Дом РУСДЕЛ";771001001;0
I_SUP073;ООО «Расском»;Санкт-Петербург Сампсониевский;пр-т,32 офис210;194044;Долгачева Ирина Владимировна;;;0;0;;7802328215;;;;780201001;0
I_SUP074;ЗАО «Арпласт-Т»;г. Москва, Варшавское шоссе,;д. 141 стр. 34;;;+7 (495) 225-30-30;RUB;0;0;;5037050871;;;;772401001;0
I_SUP075;ООО "Малета";121471,Мосва,Рябиновая65,стр.2;121471,Мосва,Рябиновая65,стр.2;;;7-495-645-83-49;RUB;0;1;;4704038223;;;;772902001;0
I_SUP076;ООО Старый Мастер-НВ;Хорошевское шоссе, д. 32а;;Москва;;;RUB;0;0;;;;99659773;;771401001;0
I_SUP077;ООО "Кристалл-Вест";ул. Скотопрогонная, д. 35, стр. 2, офис 310;;Москва;;;RUB;0;1;;7714252581;;;;772201001;0
I_SUP078;ООО "Орион Групп";Фурманный пер., д. 19 стр.1;;Москва;;;RUB;0;0;;7706619966;;53905310;Общество с ограниченной ответственностью "Орион Групп";770101001;0
I_SUP079;ООО "Аллигатор";ул. Верхоянская д.18, корп. 2;;Москва;;;RUB;0;0;;7716582641;;;;;0
I_SUP080;ООО ТПК «ВИЛОН»;Московская область, ОАО "НИКТИСК";;Щелково-2;;(495)223-97-49, (495)223-97-27;RUB;0;0;;5050040449;;23493844;Общество с ограниченной ответственностью Торгово-Промышленная Компания "ВИЛОН";505001001;0
I_SUP081;ООО "Фирма СТИФ";Москва, 13-ая Парк., д.27, к.4;Москва, 13-ая Парк., д.27, к.4;;Строчков Игорь Федорович;+7 499 130 48 07;RUB;0;1;;7719120469;;;;771901001;0
I_SUP082;ООО "Фуд Дитрибьюшен Групп";пр-д Серебрякова, д.6, стр. 3;;Москва;;(495) 646-26-42;RUB;0;0;;7716593474;;84076190;Общество с ограниченной ответственностью "Фуд Дистрибьюшен Групп";771601001;0
I_SUP083;ООО "Аэро-бридж";ул. Летняя, д. 10/1;;Москва;;8-985-766-82-56;RUB;0;1;;5009051802;;93650728;Общество с ограниченной ответственностью "Аэро-бридж";772301001;0
I_SUP084;ОАО "КЗ ОТРАДНОЕ";ул. Римского-Корсакова д.15;;Москва;;402-01-24;RUB;0;0;;7715038380;;18136361;Открытое акционерное общество "КЗ ОТРАДНОЕ";771501001;0
I_SUP085;ООО "МоБиЛенд-Маркет";Москва, ул.Хорошевское ш, д.46;Москва, ул.Хорошевское ш, д.46;;;(495) 678-03-21;RUB;0;0;;7714238097;;;;771401001;0
I_SUP086;ООО "ГЕРАЛЬТ";Москва, Рабочая ул., д.20А;Москва, Рабочая ул., д.20А;;;232-31-04;RUB;0;0;;7710531859;;;;770901001;0
I_SUP087;ООО "Ди Джи Трейдинг";Москва, ул. Вавилова, 69/75;;;Сямиуллин Р.А.;7(495) 544-70-41;RUB;0;1;;7736602173;;;;773601001;0
I_SUP088;ООО "КВАТТРО";ул. Промышленная, 11А;;Москва;Зиянгиров И.Т.;;RUB;0;1;;7724578494;;;Общество с ограниченной ответственностью "КВАТТРО";772404001;0
I_SUP089;ООО «Марр Руссия»;ул. Восточная, д.5;;Москва;;785-39-40;RUB;0;0;;7729409940;;20530125;Общество с ограниченной ответственностью "МАРР РУССИЯ";503201001;0
I_SUP090;ООО "ТД Поляна";;;;;;RUB;0;0;;7838377390;;;;;0
I_SUP091;ЗАО "РОСАЛКО-НЕВА";Санкт-Петербург,;Московское шоссе д. 13;;;;RUB;0;0;;7810694381;;;;784601001;0
I_SUP092;ЗАО "КАМЧАДАЛ";Алтуфьевское ш., д. 37, стр. 12;;Москва;;(495) 744-03-90;RUB;0;1;;7726217373;;44993545;Закрытое акционерное общество "КАМЧАДАЛ";;0
I_SUP093;ООО «САНТОЧА»;г. Москва ул. Солдатская д. 6,;стр. 1;;;;RUB;0;1;;7709695122;;;;772201001;0
I_SUP094;ООО «АДИДАС»;Москва, Проектирумый пр-д,5231;Москва, Проектирумый пр-д,5231;;;;RUB;0;1;;7714037390;;;;;0
I_SUP095;ООО "Бизнес Логистика";Москва, 1-й колобовский пер.17;;Москва;;8-985-135-42-31;RUB;0;0;;7707728622/770701001;;;;;0
I_SUP096;ЗАО "Ереванский коньячный завод";Республика Армения, пр. Адмирала Исакова 2;;Ереван;;+37410510100;;0;1;;;;;;018023880;2
I_SUP097;ООО "Аэро-бридж ЮНИОН";ул. Краснодонская, д.24, строение 2;;Москва;;8-985-766-82-56;RUB;0;1;;7723786357;;69753428;Общество с ограниченной ответственностью "Аэро-бридж ЮНИОН";772301001;0
I_SUP098;ИП Баранов С.В.;ул. Оршанская, дом № 18, кв. 20;;Москва;;;RUB;0;0;;673007789246;;;Индивидуальный предприниматель Баранов Сергей Валерьевич;;0
I_SUP099;ООО "КАСКАД ЛОГИСТИК";ул.Салтыковская, д.26, стр.2, 1 этаж, пом. 1, к.1а;;Москва;;(495)701-59-18;RUB;0;1;;7720695292;;68040459;Общество с Ограниченной Ответственностью "КАСКАД ЛОГИСТИК";;0
I_SUP100;ИП Турбина О.В.;Московская область, ул. Проспект Победы, д.41;;Ступино;;;RUB;0;0;;507600596092;;0118582798;Индивидуальный прдприниматель Турбина О.В.;;0
I_SUP101;ЗАО "БРПИ";Огородный проезд, д.16;;Москва;;967-37-01;RUB;0;0;;7715057618;;03203689;Закрытое акционерное общество "БРПИ";771501001;0
I_SUP102;ООО "Спорттовары Боско";2-й Спасоналивковский пер., д.6;;Москва;;+7 (495) 788-43-64;RUB;0;1;;7706301877;Kraylyuk@bosco.ru;14627300;Общество с ограниченной ответственностью;770601001;0
I_SUP103;ОАО "Ударница";ул. Шаболовка, д. 13;;Москва;;(495) 781-2222;RUB;0;1;;7706042326;;00340670;Открытое акционерное общество "Ударница";774850001;0
I_SUP104;ООО "Апрель";ул. Краснопролетарская д. 16 стр. 3;;Москва;;(495) 645-0029;RUB;0;1;;7707719970;info@yarra.ru;65220698;Общество с ограниченной ответственностью "Апрель";770701001;0
I_SUP105;ООО "САКС Игрушки";Московская область ул. Вишневая д. 11а;;Подольск;;(495)961-00-12;RUB;0;1;338-23-03;7728632760;office@saks.ru;83074906;Общество с ограниченной ответственностью ООО "САКС Игрушки";503601001;0
I_SUP106;ООО "Перидео Рус";Алтуфьевское шоссе д. 44;;Москва;;(495)708-40-50;RUB;0;1;;7715766188;;62180722;Общество с ограниченной ответственностью "Перидео Рус";;0
I_SUP107;ООО "ЭДМИНС";ул. Дибуновская, дом № 45, корпус 1;;Санкт-Петербург;;+7(812)430-97-42;RUB;0;1;+7(812)430-97-42;7804026227;edmins@edmins.spb.ru;11145954;Общество с ограниченной ответственностью "ЭДМИНС";781401001;0
I_SUP108;ООО "Мода Премиум";ул. Скотопрогонная д. 27/26 стр. 1;;Москва;;(495) 545-05-01;RUB;0;1;;7722720000;;66866801;Общество с ограниченной ответственностью "Мода Премиум";772201001;0
I_SUP109;ООО "Ла Пелле фешн";ул. Орджоникидзе д. 12;;Москва;;(495)958-57-33;RUB;0;1;;7725590920;;98922412;Общество с ограниченной ответственностью "Ла Пелле фешн";772501001;0
I_SUP110;ЗАО "Белое Золото";ул. Дорогобужская д.14;;Москва;;;RUB;0;1;;7730572846;;62843051;Закрытое акционерное общество "Белое Золото";773101001;0
I_SUP111;ООО "ТАЙМТЭК";ул. Новозаводская д.8 корп. 4;;Москва;;(495)234-34-93;RUB;0;1;;7730624734;;66382210;Общество с ограниченной ответственностью "Таймтэк";773001001;0
I_SUP112;ООО "Интелтрейд TK";ул.Садовая-Триумфальная д.4-10;;Москва;;(495)730-49-65;RUB;0;0;;7710892100;;92554634;Общество с ограниченной ответственностью "Интелтрейд ТК";771001001;0
I_SUP113;ООО "КБ Сервис";ул. Магистральная 2-ая, д. 8А, стр. 2;;Москва;;;RUB;0;0;;7714813950;;66995786;Общество с ограниченной ответственностью "КБ Сервис";;0
I_SUP114;ООО "Эксалити";Огородный проезд,д.5, стр.6, офис 407;;Москва;;(495) 229-49-83;RUB;0;1;;7715725992;;89498547;Общество с ограниченной ответственностью "Эксалити";771501001;0
I_SUP115;ООО "Компания Аллигатор";ул. Отрадная, дом 25Б, стр. 6;;Москва;;7 (495) 925-75-53;RUB;0;0;;7715881913;;30214218;Общество с ограниченной ответственностью "Компания Аллигатор";771501001;0
I_SUP116;ООО "Эсперанс";ул. Малая Калужская, д. 15, стр. 6;;Москва;;(495)542-34-48;RUB;0;1;;7725674730;;62733084;Общество с ограниченной ответственностью "Эксперанс";772501001;0
I_SUP117;ООО "Обсидиант";ул Каховка, д 10, корп 3;;Москва;;;RUB;0;1;;7727824050;;26672441;Общество с ограниченной ответственностью "Обсидиант";772701001;0
I_SUP118;ООО "БиБиКом";ул. Зорге д.9А, стр 2;;Москва;;;RUB;0;1;;7714738798;;86402951;Общество с ограниченной ответственностью "БиБиКом";771401001;0
I_SUP119;ООО "ЛФБ";ул. Вавилова, д. 5, кор. 3;;Москав;;8(495) 430-82-77;RUB;0;0;;7704743051;;64524060;Общество с ограниченной ответственностью "ЛФБ";772501001;0
I_SUP120;ООО "Парфюм Престиж";ул. Мантулинская, д.7, стр.2;;Москва;;(499) 256-11-72;RUB;0;1;;7703727360;;68001643;Общество с ограниченной ответственностью ООО "Парфюм престиж";770301001;0
I_SUP121;ООО "Юниджел";ул. 1-й Варшавский проезд., д.1А, строение 9;;Москва;;(495)645-00-49;RUB;0;0;;7724766427;;68953148;Общество с ограниченной ответственностью "Юниджел";772401001;0
I_SUP122;ЗАО "Сейлс";ул. Б. Почтовая, д. 36 стр. 10;;Москва;;(495) 660-33-98;RUB;0;1;(499) 256-90-05;7707175262;;46512840;Закрытое акционерное общество "Сейлс";770101001;0
I_SUP123;ОАО "ЕДИНАЯ ЕВРОПА - ХОЛДИНГ";ул. Машкова, д.1;;Москва;;(495) 771-60-01;RUB;0;1;;7701010842;;29212616;Открытое акционерное общество "ЕДИНАЯ ЕВРОПА - ХОЛДИНГ";770101001;0
I_SUP124;ООО "Колизей";ул. Салова, 33, литер А, пом 4-Н;;Санкт-Петербург;;(812) 329-36-17;RUB;0;1;;7816502431;;69205738;Общество с ограниченной ответственностью "Колизей";781601001;0
I_SUP125;ООО "ЕВРОКАРТА";ул. Большая Монетная, д.16, корп. 5;;Санкт-Петербург;;+7(812)385-44-01;RUB;0;1;+7(812)385-44-01;7813319420;;76228007;Общество с ограниченной отвестственностью "ЕВРОКАРТА";781301001;0
I_SUP126;ЗАО "МТК АЛИСА";Варшавское шоссе, д. 26 офис 408;;Москва;;(495) 258-88-70;RUB;0;1;;7726630252;;61704270;Закрытое акционерное общество "МТК АЛИСА";772601001;0
I_SUP127;ООО "Балтиком";ул. Жуковского, д. 32 лит. А, пом. 26Н;;Санкт-Петербург;;(812)600-30-16;RUB;0;1;;7842397656;;89021710;Общество с ограниченной ответственностью "Балтиком";784201001;0
I_SUP128;ООО "Джуси Компани";ул.Ярцевская, д.34, стр.1, офис 8;;Москва;;;RUB;0;0;;7731652170;;66879873;Общество с ограниченной ответственностью "Джуси Компани";773101001;0
I_SUP129;ООО "Бона";Духовской пер., д.17;;Москва;;8(495) 940-75-50;RUB;0;1;;7726622413;;60384165;Общество с ограниченной ответственностью "Бона";772601001;0
I_SUP130;ООО "Кухня № 1";ул. Сумская, д. 6, корп.1;;Москва;;8-499-392-34-77;RUB;0;0;;7726672044;;90627168;Общество с ограниченной ответственностью "Кухня №1";772601001;0
I_SUP131;ООО "Кволити";шоссе Энтузиастов, д.31 стр.2;;Москва;;8(495) 708-44-78;RUB;0;0;8(495) 708-46-49;7720652860;;60397038;Общество с ограниченной ответственностью "Кволити";772001001;0
I_SUP132;ООО ТД "Проект 21";Краснопресненская наб. 12 офис 9211;;Москва;;258-15-97, 258-15-97;RUB;0;1;258-15-98;7703652404;;84152703;Общество с ограниченной ответственностью ТД "Проект 21";770301001;0
I_SUP133;ООО "СнабСервис";Московская область, ул. Кооперативная д. 3;;Жуковский;;221-60-65;RUB;0;0;;5013050135;;75240176;Общество с ограниченной ответственностью "СнабСервис";501301001;0
I_SUP134;ИП Бацуева;ул. Островитянова 27-1-88;;Москва;;;RUB;0;1;;772809015953;;;Индивидуальный предприниматель Бацуева;;0
I_SUP135;ООО "ВЕДК";М.О. Чеховский муниц. р-он, с.п.Баранцевское,стр.5;Пром.зона Новоселки, вл.11;;;8 (495) 933-02-11;RUB;0;1;8 (495) 933-02-12;7710754069;info@eedc.ru;62709134;Общество с ограниченной ответственностью "Восточно-Европейская Дистрибьюторская компания";504845004;0
I_SUP136;ООО "Невский Берег";Тарный проезд, д. 11;;Москва;;;RUB;0;1;;7724538212;;76446626;Общество с ограниченной ответственностью "Невский Берег";772401001;0
I_SUP137;ООО "Виктория";ул. Борисовская, д.18;;Москва;;743-08-25;RUB;0;1;;7719726958;;62171775;Общество с ограниченной ответственностью "Виктория";771901001;0
I_SUP138;ООО "Ришэс";ул. Малая Калужская, д. 15, стр. 16;;Москва;;(495) 686-94-05;RUB;0;1;;7725742193;;37304663;Общество с ограниченной ответственностью "Ришэс";772501001;0
I_SUP139;ООО "Фирма Станбев";ул.Фадеева, д.7, стр.1, оф.2;;Москва;;8(495)7305471;RUB;0;0;8(495)7305471;7710894884;;30166235;Общество с ограниченной ответственностью "Фирма Станбев";771001001;0
I_SUP140;ООО "ПРЕМЬЕР БЬЮТИ лайн";Кривоколенный переулок, дом 12, стр.1, офис 500;;Москва;;(495) 628-40-39;RUB;0;1;;7701874730;;66381475;Общество с ограниченной ответственностью "ПРЕМЬЕР БЬЮТИ лайн";770101001;0
I_SUP141;ООО "Экспресс Медиа Маркет";ул. Введенского, вл. 8, стр. 2;;Москва;;744-09-60;RUB;0;1;744-09-60;7728710873;;;Общество с ограниченной ответственностью "Экспресс Медиа Маркет";772801001;0
I_SUP142;ООО "Ювелир";ул. Краснопролетарская, д.16, стр.2;;Москва;;(495) 645 00 29;RUB;0;1;;7707768551;;38304056;Общество с Ограниченной Ответственностью "Ювелир";770701001;0
I_SUP143;ООО "НиК-К";ул. Панфиловцев, 75;;Новосибирск;;256-14-80, 256-14-86;RUB;0;1;;5406147557;;47517791;Общество с ограниченной ответственностью ООО "НиК-К";540501001;0
I_SUP144;ООО "Дилан+";Московская область, ул. Урицкого, дом 2Б;;Люберцы;;(495)745-6135, (495)558-5783;RUB;0;1;;5027081655;;;Общество с ограниченной ответственностью ООО "Дилан+";502701001;0
I_SUP145;ООО "Маруся Бевереджис РУС";Звонарский пер., д. 7, стр. 1;;Москва;;(495) 642-87-99;RUB;0;1;;7705667950;;77378298;Общество с ограниченной ответственностью ООО "Маруся Бевереджис РУС";770201001;0
I_SUP146;OOO "ТК ГРАТ-ВЕСТ";Проектируемый проезд,5217,д.2;;Москва;;(495)956-62-94;RUB;0;1;;7730113680;;18740235;Общество с ограниченной ответственностью ООО "ТК ГРАТ-ВЕСТ";773001001;0
I_SUP147;ООО "ОПТИМАТОРГ";1-я Тверская-Ямская,д.28,стр.1,помещ.36;;Москва;;(495)792-95-46;RUB;0;1;;7714755105;;88380625;Общество с ограниченной ответственностью "ОПТИМАТОРГ";771001001;0
I_SUP148;ООО "КэндиЛайн";ул. 2-я Хуторская, д. 38А, стр. 1,этаж 3;;Москва;;(495)665-17-28;RUB;0;1;;7701929668;;30185876;Общестов с ограниченной ответственностью "КэндиЛайн";771301001;0
I_SUP149;ООО "ЭНС";Старопетровский проезд, д. 7А;;Москва;;;RUB;0;1;;7743771430;;65224472;Общество с ограниченной ответственностью "ЭНС";774301001;0
I_SUP150;ООО "СТАРТ";Лужнецкая наб., д. 2/4, стр. 23 Б;;Москва;;;RUB;0;1;;7704723400;;;Общество с ограниченной ответственностью "СТАРТ";770401001;0
I_SUP151;ООО "Херпа СНГ";1-ый Институтский проезд, дом 1;;Москва;;8(926)2053749;RUB;0;1;;7721542394;;79361557;Общество с ограниченной ответственностью Херпа СНГ";772101001;0
I_SUP152;ООО "Стиль";ул. Краснопролетарская, д. 16, стр. 3;;Москва;;(495)645-00-29;RUB;0;1;;;;;Общество с ограниченной ответственностью "Стиль";770701001;0
I_SUP153;ООО "Интерлюкс";Румянцево д., строение 1;;Москва;;+7(495)510-66-79;RUB;0;1;;5003088517;;68125405;Общество с ограниченной ответственностью "Интерлюкс";775101001;0
I_SUP154;ООО "ГРАТВЕСТ";Береговой пр-д, д. 3, стр. 3;;Москва;;(495) 777-10-35;RUB;0;1;;7730555135;;;Общество с ограниченной ответственностью "ГРАТВЕСТ";773001001;0
I_SUP155;ООО "АСПЕКТ";ул. Днепропетровская, д. 18Б;;Москва;;;RUB;0;1;;7604060291;;13934572;Общество с ограниченной ответственностью "АСПЕКТ";772601001;0
I_SUP156;ООО "Дымковское колбасное производство";ул. Крылатская, д.37;;Москва;;(495)500-01-51;RUB;0;1;;7731178578;;57084488;Общество с ограниченной ответственностью "Дымковское колбасное производство";774850001;0
I_SUP157;ООО "Трейд Стар";Московская область, аэропорт Шереметьево, пом.3;;Химки;;(495)660-01-81;RUB;0;1;;5047108190;;61614880;Общество с ограниченной ответствееностью "Трейд Стар";504701001;0
I_SUP158;ООО "ПРИТЯЖЕНИЕ";ул. Фрунзе, д. 80, офис 405;;Новосибирск;;(383)200-41-17;RUB;0;1;;5401277249;;;Общество с ограниченной ответственностью "ПРИТЯЖЕНИЕ";540601001;0
I_SUP159;ООО "Аэро-Бридж Трейдинг";Московская область,гДомодедово, мкр-н Северный,;ул.Логистическая, д. 1/6, корп.7Б;Домодедово;;(495)660-01-81;RUB;0;1;;773312951836;office@aerobridge.ru;86691278;Общество с ограниченной ответственностью "Аэро-Бридж Трейдинг";500901001;0
I_SUP160;ООО "Империал";г.Москва, Хлебозаводской проезд,7 стр.9;;Москва;;;RUB;0;1;;7724851513;;;Общество с ограниченной ответственностью "Империал";772401001;0
I_SUP161;ООО "Элит бэгз";ул. Образцова, 14;ул. Образцова, 14;Москва;;+7 (495) 787-91-06;RUB;0;1;+7 (495) 787-91-07;7705983056;;09226119;Общество с ограниченной ответственностью "Элит бэгз";771501001;0
I_SUP162;ООО "Ф.Партнерс";Кутузовский пр-т,д.34, стр.21;Кутузовский пр-т,д.34, стр.21;Москва;;+74956623101;RUB;0;1;+74956623101;7717709065;;;Общество с ограниченной ответственностью "Ф.Партнерс";773001001;0
I_SUP163;ЗАО "Геба";ул.Станционная, д.38;ул.Станционная, д.38;Новосибирск;;(383) 363-11-33;RUB;0;1;(383) 363-11-33;5404132234;;;Закрытое акционерное общество "Геба";540401001;0
I_SUP164;ООО "ЮНИТОЙС МСК";ул.Мневники, д.7, корп.2;ул.Мневники, д.7, корп.2;Москва;;;RUB;0;1;;7734670481;;;Общество с ограниченной ответственностью "ЮНИТОЙС МСК";773401001;0
I_SUP165;ООО "ОПТИМА бьюти";Кутузовский пр-т, д.36,стр.23;Кутузовский пр-т, д.36,стр.23;Москва;;8(495)661-11-77;RUB;0;1;8(495)661-11-77;7730582562;;86422762;Общество с ограниченной ответственностью "ОПТИМА бьюти";773001001;0
I_SUP166;ООО "Ямал";ул. Малая Балканская, д. 58, лит. А, пом. 14Н;;Санкт-Петербург;;;RUB;0;1;;7816537917;;09579504;Общество с ограниченной ответственностью "Ямал";781601001;0
I_SUP167;ООО "Коник";Лесной пр., д. 63;Лесной пр., д. 63;Санкт-Петербург;;(812) 740-63-68;RUB;0;1;;7802361565;;;Общество с ограниченной ответственностью "Коник";780201001;0
I_SUP168;ООО "Милар";Новоясеневский проспект, дом № 32, корпус 1, оф.1;;Москва;;;RUB;0;1;;7728830881;;;ООО "Милар";772801001;0
I_SUP169;ООО "Пиквадро Рус";Фрунзенская набережная, д. 16, корп. 1, офис IV;;г.Москва;;8 (495) 790-70-63;RUB;0;1;8 (495) 790-70-64;;;;Общество с ограниченной ответственностью "Пиквадро Рус";770401001;0
I_SUP170;ESTERK;;;;;;RUB;0;1;;7729514303;;;;;0
I_SUP171;CARTIER INT FASHION;KOROBEYNIKOV PER. MOSCOW RUSSIA;;;;;RUB;0;1;;;;;;;0
I_SUP172;VAN GILS;105064 RUSSIA MOSCOW іSADOVO-CHERNOGRYAZSKAYA 22, ; іB.1,OFFICE 2071;;;;RUB;0;1;;;;;;;0
I_SUP173;РОССИЙСКИЕ ПОСТАВЩИКИ;;;;;;RUB;0;1;;;;;;;0
I_SUP174;ALMAZJEWELIR EXPORT ;119 021 MOSCOW ZUBOVSKY BULEVAR 25/1;;;;;RUB;0;1;;;;;;;0
I_SUP175;EMBORG USD;STUPINSKY PR. 1-A MOSCOW;;;;;RUB;0;1;;;;;;;0
I_SUP176;LUKAS;RUSSIA;;;;;RUB;0;1;;;;;;;0
I_SUP177;NASLEDIE OOO;MOSCOW, TEKSTILSCHIKI 1 ST, 12/9;;;;;RUB;0;1;;;;;;;0
I_SUP178;CASIO WATCH;MOSCOW;;;;;RUB;0;1;;;;;;;0
I_SUP179;GK GROSS OOO;;;;;;RUB;0;1;;;;;;;0
I_SUP180;MS HOLDING AMBER ;RUSSIA MOSCOW 117607 MICHURINSKY PROSP. D 31 KOR.1;1 RUSSIA;;;;RUB;0;1;;7719191854;;;;;0
I_SUP181;AGROSECO;MOSCOW RUSSIA;;;;;RUB;0;1;;7731278773;;;;;0
I_SUP182;ABBYY;MOSCOW, PEROVSKAYA STREET, D.22, K.1;;;;;RUB;0;1;;;;;;;0
I_SUP183;TORGSERVICE XXI BABAEVSKOE;MOSCOW;;;;;RUB;0;1;;;;;;;0
I_SUP184;MOBILE ENERGY;LIKHOBORSKAYA NAB.3,STR.9 MOSCOW;;;;;RUB;0;1;;;;;;;0
I_SUP185;MOBIL-KONSTANT OOO;;;;;;RUB;0;1;;;;;;;0
I_SUP186;PANASONIC C/S;MOSCOW REPRESENTATION OFFICE 119435 SAVINOVSKAYA N;NAB 15 6TH FLOOR MOSCOW RUSSIA SAVINOVSKAYA NAB 15;;;;RUB;0;1;;;;;;;0
I_SUP187;PANASONIC MARKETING CIS OY;;;;;;RUB;0;1;;;;;;;0
I_SUP188;PANASONIC ATOLL INV;;;;;;RUB;0;1;;;;;;;0
I_SUP189;STEP GROUP OOO;MOSCOW 8 MARCH STREET, 10, STR 1;;;;;RUB;0;1;;7713519497;;;;;0
I_SUP190;UNITOYS-MCK;127247 MOSCOW;;;;;RUB;0;1;;;;;;;0
I_SUP191;ETUD UNION OF ARTIST;ST.PETERSBURG,ZAGORODNY PR.,14 USSR;;;;;RUB;0;1;;7825330740;;;;;0
I_SUP192;IRISHBAR;;;;;;RUB;0;1;;;;;;;0
I_SUP193;ORCHID COMPANY;MOSCOW NEGINSKAYA STR.14-4 RUSSIA;;;;;RUB;0;1;;7709562482;;;;;0
I_SUP194;NEMIROFF COMPANY ;RUSSIA;;;;;RUB;0;1;;;;;;;0
I_SUP195;AEROMAR;MOSCOW;;;;;RUB;0;1;;;;;;;0
I_SUP196;KONIC OOO;;;;;;RUB;0;1;;;;;;;0
I_SUP197;OOO "MYAGKIY MIR";;;;;;RUB;0;1;;;;;;;0
I_SUP198;MAGESTIC IMPEKS OOO;MOSCOW NOVOGIREEVSKAYA ST,52;;;;;RUB;0;1;;7720262563;;;;;0
I_SUP199;TROIKA;5 NIKITSKI PEREULOK 6TH FLOOR MOSCOW RUSSIA 103--9;9;;;;RUB;0;1;;;;;;;0
I_SUP200;ALMAX ;129110.MOSCOW.TRIFONOVSKAYA ST 56;;;;;RUB;0;1;;;;;;;0
I_SUP201;ART ALIANCE;MOSCOW RUSSIA;;;;;RUB;0;1;;7723161490;;;;;0
I_SUP202;ART-BOOKS LTD;;;;;;RUB;0;1;;;;;;;0
I_SUP203;ART VIDEO INT;;;;;;RUB;0;1;;;;;;;0
I_SUP204;AMADEUS;MOSCOW KASTANAEVSKAYA UL 14-1;;;;;RUB;0;1;;;;;;;0
I_SUP205;GALEREYA BLAGOLEPIYA;MOSCOW,OBRUCHEVA STREET,D11,K11;;;;;RUB;0;1;;;;;;;0
I_SUP206;GOLDEN GRAIL LTD;109029,MOSCOW,SKOTOPROGONNAYA 35/1;;;;;RUB;0;1;;;;;;;0
I_SUP207;KONZERN GROUP SOYUZ;105064 MOSCOW NIGNI SOUSALNI D.5.STR.4 RUSSIA;;;;;RUB;0;1;;7730077721;;;;;0
I_SUP208;LINIYA;;;;;;RUB;0;1;;;;;;;0
I_SUP209;NIKE LLC (RUS);Москва ул.Обручева д.30/1 ст.2 ;;;;;RUB;0;1;;;;;;;0
I_SUP210;PORTSELAN;KUTUZOVSKY PR. 34;;;;;RUB;0;1;;7730004748;;;;;0
I_SUP211;ROLNIK PUBLISHERS;PO BOX 17075 TEL-AVIV ISRAEL;;;;;RUB;0;1;;;;;;;0
I_SUP212;BIONT LTD RBN;UL.KOSTYKOVA,4A MOSCOW RUSSIA;;;;;RUB;0;1;;;;;;;0
I_SUP213;SENSUS;119842.RUSSIA MOSCOW.UL.PARKOVAYA. 9-21-2;;;;;RUB;0;1;;;;;;;0
I_SUP214;TOCHKA OPORY+;;;;;;RUB;0;1;;;;;;;0
I_SUP215;VEL OOO;MOSCOW 129345 OSTASHKOVSKAYA 16 RUSSIA;;;;;RUB;0;1;;7717004629;;;;;0
I_SUP216;UVELCOM  OOO;;;;;;RUB;0;1;;;;;;;0
I_SUP217;KONSTANTINOPOLSKAYA ;STROITELNIY PR-ZD 7A CORP 30 MOSCOW;;;;;RUB;0;1;;;;;;;0
I_SUP218;TMXF GR;;;;;;RUB;0;1;;;;;;;0
I_SUP219;ITALCOM;MOSCOW;;;;;RUB;0;1;;;;;;;0
I_SUP220;OOO"ARK BELUGA";;;;;;RUB;0;1;;;;;;;0
I_SUP221;TD RASKAT;;;;;;RUB;0;1;;;;;;;0
I_SUP222;RUSSIAN OSETR;;;;;;RUB;0;1;;;;;;;0
I_SUP223;OOOO "RUSSIAN OSETR - ADYGEYA";;;;;;RUB;0;1;;;;;;;0
I_SUP224;ЗАО "Русский икорный дом";ул. Угрешская, д.2, стр.13;;Москва;;;RUB;0;1;;7714677560;;99006746;Закрытое акционерное общество "Русский икорный дом";772301001;0
I_SUP225;T&T Co;RUSSIA MOSCOW UL CHERTANOVSKAYA 54 C1  RUSSIA;;;;;RUB;0;1;;;;;;;0
I_SUP226;SWK;MOSKVA LENINSKIY PR.152,KOR1 RUSSIA 117571;;;;;RUB;0;1;;;;;;;0
I_SUP227;DNK OOO;MOSCOW, TIMIRYAZEVSKAYA,42;;;;;RUB;0;1;;7713528854;;;;;0
I_SUP228;K33355    OOO"KORONA";;;;;;RUB;0;1;;;;;;;0
I_SUP229;RUSSIAN SPIRIT GROUP;SPIRIT GROUP MOSCOW RUSSIA;;;;;RUB;0;1;;;;;;;0
I_SUP230;ARCOROS;MOSCOW,DP-TRADE;;;;;RUB;0;1;;;;;;;0
I_SUP231;ALKOMIR OOO;MOSCOW;;;;;RUB;0;1;;7706276973;;;;;0
I_SUP232;OST-ALKO;MOSCOW RUSSIA ;;;;;RUB;0;1;;5031041415;;;;;0
I_SUP233;DMITROV-ALKO  OOO;;;;;;RUB;0;1;;;;;;;0
I_SUP234;COCA COLA REFRESHMEN;MOSCOW;;;;;RUB;0;1;;;;;;;0
I_SUP235;ООО "ГК Кристалл-Лефортово";МО,Ленинский р-н,с/п Молоковское,с.Остров;;;;;RUB;0;1;;5003089091;;;Общество с ограниченной ответственностью  "ГК Кристалл-Лефортово";500301001;0
I_SUP236;EVRASIA 000;;;;;;RUB;0;1;;7717549118;;;;;0
I_SUP237;OOO ESPERANTO VIN;;;;;;RUB;0;1;;;;;;;0
I_SUP238;FANAGORIYA;;;;;;RUB;0;1;;;;;;;0
I_SUP239;OOO" F.PARTNERS";129164 г.Москва, Ракетный бульвар, д.16;;;;;RUB;0;1;;;;;;;0
I_SUP240;OOO "Юпитер";ул.Силикатная, д.36,корпус 1А, литера А2, пом.21;;Мытищи;;;RUB;0;1;;7327050884;;;Общество с ограниченной ответственностью "Юпитер";;0
I_SUP241;OOO  " KASKAD";;;;;;RUB;0;1;;7720539695;;;;;0
I_SUP242;OOO "N.R.G." KOLOS CORPORATION;152049, Ярославская обл., Переславский район, село;о Новое, ул. Дачная, д.115;;;;RUB;0;1;;7622009788;;;;;0
I_SUP243;LUDING;121471 г.Москва, Рябиновая ул., д.55, стр.3;;;;;RUB;0;1;;7730107662;;;;;0
I_SUP244;OOO LEXIM;109235, г.Москва, Проектируемый проезд 4386, д.1, ; стр.1, ком.30;;;;RUB;0;1;;7713601110;;;;;0
I_SUP245;MEDVED ;142784,г.Москва, пос.Московский, д.Румянцево, стр.;.2;;;;RUB;0;1;;7115500115;;;;;0
I_SUP246;NATURAL PRODUCTS ZAO;;;;;;RUB;0;1;;;;;;;0
I_SUP247;OOO NAT;;;;;;RUB;0;1;;;;;;;0
I_SUP248;TUBORG INTERNATIONAL;;;;;;RUB;0;1;;;;;;;0
I_SUP249;NATALIE;;;;;;RUB;0;1;;;;;;;0
I_SUP250;PROGRESS-PLUS;;;;;;RUB;0;1;;;;;;;0
I_SUP251;PREMIER DRINK;... MOCSOW RUSSIA;;;;;RUB;0;1;;7710446160;;;;771001001;0
I_SUP252;NIAGARA FOODS;(SAINT SPRINGS) MOSCOW;;;;;RUB;0;1;;;;;;;0
I_SUP253;ROTOR HOUSE;111141, г.Москва, 3-й проезд Перова поля, д.8, стр;р.3;;;;RUB;0;1;;7720531752;;;;;0
I_SUP254;SPLVZ OOO;;;;;;RUB;0;1;;;;;;;0
I_SUP255;ООО "Уренхольт";ул.Кировоградская, д.23А, корп.1;;Москва;;;RUB;0;1;;7725664844;;60466578;Общество с ограниченной ответственностью "Уренхольт";772601001;0
I_SUP256;VINEXIM OOO;;;;;;RUB;0;1;;;;;;;0
I_SUP257;OOO VISTTORG;129336, г. Москва, ул. Таймырская, д. 2;;;;;RUB;0;1;;;;;;;0
I_SUP258;WHITE HALL CENTER;127550, г.Москва, Дмитровское ш., д.33,копр.5;;;;;RUB;0;1;;;;;;;0
I_SUP259;ICS;B.DMITROVKA STR.7/5;;;;;RUB;0;1;;;;;;;0
I_SUP260;АВАЛОН ТРЕЙД;;;;;;RUB;0;1;;;;;;;0
I_SUP261;AEROFIRST_RBN;SHEREMETYEVO;;;;;RUB;0;1;;;;;;;0
I_SUP262;ZAO JTI ;;;;;;RUB;0;1;;;;;;;0
I_SUP263;TALIKA;;;;;;RUB;0;1;;;;;;;0
I_SUP264;TOSCOW;;;;;;RUB;0;1;;;;;;;0
I_SUP265;TBN TIME;;;;;;RUB;0;1;;;;;;;0
I_SUP266;RUSSIAN DOLLS;;;;;;RUB;0;1;;;;;;;0
I_SUP267;AERTEC INTL LTD;;;;;;RUB;0;1;;;;;;;0
I_SUP268;RUSSIAN SOUVENIRS;;;;;;RUB;0;1;;;;;;;0
I_SUP269;NOVAYA ZARYA;;;;;;RUB;0;1;;;;;;;0
I_SUP270;BELLIGEN TD;MOSCOW,DELOVYA D.11;;;;;RUB;0;1;;;;;;;0
I_SUP271;KRASNY OCTOBER;;;;;;RUB;0;1;;;;;;;0
I_SUP272;ARSENTIEV CMP;;;;;;RUB;0;1;;;;;;;0
I_SUP273;DYRIA FURS;;;;;;RUB;0;1;;;;;;;0
I_SUP274;DECOLLO OOO;;;;;;RUB;0;1;;;;;;;0
I_SUP275;ELDORADO-M;;;;;;RUB;0;1;;;;;;;0
I_SUP276;RYBINSKAYA N/P;;;;;;RUB;0;1;;;;;;;0
I_SUP277;NASH DOM;;;;;;RUB;0;1;;;;;;;0
I_SUP278;PODMOSKOVYE OAO;;;;;;RUB;0;1;;;;;;;0
I_SUP279;RUSSIKOM;;;;;;RUB;0;1;;;;;;;0
I_SUP280;RUSSIAN COURTYARD;;;;;;RUB;0;1;;;;;;;0
I_SUP281;ROM-TECH ELECTRONICS;;;;;;RUB;0;1;;;;;;;0
I_SUP282;SPARTAK OOO;;;;;;RUB;0;1;;;;;;;0
I_SUP283;SPARK-K OOO;;;;;;RUB;0;1;;;;;;;0
I_SUP284;SAMSUNG ELECTRONICS;;;;;;RUB;0;1;;;;;;;0
I_SUP285;STAB-M;;;;;;RUB;0;1;;;;;;;0
I_SUP286;TVT TRUST REG;;;;;;RUB;0;1;;;;;;;0
I_SUP287;URSUS VODKA  ;;;;;;RUB;0;1;;;;;;;0
I_SUP288;АМАДЕУС;;;;;;RUB;0;1;;;;;;;0
I_SUP289;ООО "Группа Август";ул.Полярная, д.41, стр.1;;Москва;;;RUB;0;1;;7715614587;;;Общество с ограниченной ответственностью "Группа Август";771501001;0
I_SUP290;КОНСТАНТИНОПОЛЬСКАЯ;;;;;;RUB;0;1;;;;;;;0
I_SUP291;ART BAZAR GR;;;;;;RUB;0;1;;;;;;;0
I_SUP292;VASKO RBL;MOSCOW;;;;;RUB;0;1;;;;;;;0
I_SUP293;BONA  ZAO;MOSCOW.SERAFIMOVICH STR.2;;;;;RUB;0;1;;;;;;;0
I_SUP294;ООО ФИРМА С-2;107370 МОСКВА ТАСМАНСКИЙ ПРОЕЗД Д5,СТР9;;;;;RUB;0;1;;;;;;;0
I_SUP295;ООО "ЛИНИЯ ЧИНКУЕ";125315 Москва ул. Усиевича 16-36;;;;;RUB;0;1;;;;;;;0
I_SUP296;CURAPROX;;;;;;RUB;0;1;;;;;;;0
I_SUP297;APOLLO ELECTRONICS;;;;;;RUB;0;1;;;;;;;0
I_SUP298;ЭКСПОСЕРВИС  OOO;;;;;;RUB;0;1;;;;;;;0
I_SUP299;ООО  ЭКСПОТРЕЙД;115201 МОСКВА КОТЛЯКОВСКИЙ 2-Й ПЕР. Д.1 СТР.6;;;;;RUB;0;1;;7724622295;;;;;0
I_SUP300;ООО"Хорека ТрейдСервис";;;;;;RUB;0;1;;7721777572;;;;;0
I_SUP301;KONDI-2000  OOO;;;;;;RUB;0;1;;;;;;;0
I_SUP302;КАЗУМЯН;;;;;;RUB;0;1;;;;;;;0
I_SUP303;ELECTROCOMPROECT;;;;;;RUB;0;1;;;;;;;0
I_SUP304;МЕДЕЯ;;;;;;RUB;0;1;;;;;;;0
I_SUP305;МДК ООО;;;;;;RUB;0;1;;;;;;;0
I_SUP306;МЕТРО;;;;;;RUB;0;1;;;;;;;0
I_SUP307;ООО ШАРМ;;;;;;RUB;0;1;;7729529772;;;;;0
I_SUP308;МЕРИДИАН ТРЕЙДИНГ;;;;;;RUB;0;1;;;;;;;0
I_SUP309;MAMIX;;;;;;RUB;0;1;;;;;;;0
I_SUP310;НАБОРЫ ПАРФЮМЕРИИ И КОСМЕТИКИ;;;;;;RUB;0;1;;;;;;;0
I_SUP311;SLIMSITY OOO;;;;;;RUB;0;1;;;;;;;0
I_SUP312;SHUAR  OOO;;;;;;RUB;0;1;;;;;;;0
I_SUP313;ООО"ВЫБОР";;;;;;RUB;0;1;;;;;;;0
I_SUP314;ООО ТУРНО;;;;;;RUB;0;1;;;;;;;0
I_SUP315;ПОДАРОЧНЫЙ ТЕКСТИЛЬ;;;;;;RUB;0;1;;;;;;;0
I_SUP316;ООО "ЮВЕЛИРТОРГ";;;;;;RUB;0;1;;;;;;;0
I_SUP317;ВЕЛКОМ;;;;;;RUB;0;1;;;;;;;0
I_SUP318;ООО"ЯНТАРНАЯ ГРОЗДЬ;;;;;;RUB;0;1;;7731258953;;;;;0
I_SUP319;ТМХФ    ;;;;;;RUB;0;1;;;;;;;0
I_SUP320;Удаленный офис;;;;;;RUB;0;1;;;;;;;0
I_SUP321;AVIATOR;;;;;;RUB;0;1;;;;;;;0
I_SUP322;ООО АРХАНГ;;;;;;RUB;0;1;;7802185302;;;;;0
I_SUP323;APC-FOUDS OOO;119501 MOSCOW                  T.973-07-27        ;             RUSSIA;;;;RUB;0;1;;;;;;;0
I_SUP324;ALESER 000;MOSCOW,NEJNIY SUSALN.PER.D4    KOR.5/6;;;;;RUB;0;1;;;;;;;0
I_SUP325;BAZA-4  ZAO;GR.PREDP.OST.                  129348, MOSCOW, KRA;ASN.SOSNA    2/1, STR.1;;;;RUB;0;1;;;;;;;0
I_SUP326;TP BIRNS;;;;;;RUB;0;1;;;;;;;0
I_SUP327;BORALEX;;;;;;RUB;0;1;;;;;;;0
I_SUP328;KC FUDS;;;;;;RUB;0;1;;;;;;;0
I_SUP329;CHASPROMTORG  ZAO;;;;;;RUB;0;1;;;;;;;0
I_SUP330;DEMOS-APS AOOT;;;;;;RUB;0;1;;;;;;;0
I_SUP331;ДП-ТРЕЙД;;;;;;RUB;0;1;;7704030068;;;;;0
I_SUP332;INTERPRODUCT  ZAO;;;;;;RUB;0;1;;;;;;;0
I_SUP333;GELEO OOO;;;;;;RUB;0;1;;;;;;;0
I_SUP334;HERMITAGE SKY;;;;;;RUB;0;1;;;;;;;0
I_SUP335;ООО ЛЕМА -КОР;МОСКВА УЛ,МОСФИЛЬМОВСКАЯ Д,17Б;;;;;RUB;0;1;;;;;;;0
I_SUP336;MARTHEL ZAO;141730 LOBNYA MOSCOW           40 YEAR OCTOBER, 7;;;;;RUB;0;1;;;;;;;0
I_SUP337;MILLENIUM-2000;;;;;;RUB;0;1;;;;;;;0
I_SUP338;MAGISTR BIBENDI OOO;;;;;;RUB;0;1;;;;;;;0
I_SUP339;MERKURIY OOO;;;;;;RUB;0;1;;;;;;;0
I_SUP340;ARMAGON OOO;;;;;;RUB;0;1;;;;;;;0
I_SUP341;PIVNOY DOM;;;;;;RUB;0;1;;;;;;;0
I_SUP342;RARITET OOO;;;;;;RUB;0;1;;;;;;;0
I_SUP343;LEKERY OOO;;;;;;RUB;0;1;;;;;;;0
I_SUP344;SOI-2;;;;;;RUB;0;1;;;;;;;0
I_SUP345;СПОРТЛАЙН OOO;МОСКВА МАНТУЛИНСКАЯ 7;;;;;RUB;0;1;;;;;;;0
I_SUP346;SHARK-2000;;;;;;RUB;0;1;;;;;;;0
I_SUP347;SHANTERI OOO;;;;;;RUB;0;1;;;;;;;0
I_SUP348;STOLWERCK FAIN CHOCO;;;;;;RUB;0;1;;;;;;;0
I_SUP349;ALMEIRA OOO;;;;;;RUB;0;1;;;;;;;0
I_SUP350;MAGARACH 000;;;;;;RUB;0;1;;;;;;;0
I_SUP351;ТРЭНД КОЛЛЭКШН ООО;;;;;;RUB;0;1;;7729523379;;;;;0
I_SUP352;ООО "ТОРГСЕРВИС ХХI ВЕК";;;;;;RUB;0;1;;;;;;;0
I_SUP353;URVEST OOO;;;;;;RUB;0;1;;;;;;;0
I_SUP354;VAGR OOO;;;;;;RUB;0;1;;;;;;;0
I_SUP355;VK OOO;;;;;;RUB;0;1;;;;;;;0
I_SUP356;ВХ ИМПОРТ КАМПАНИ;113035, г. Москва, Пятницкая ул., д. 2/38, корп. 3;3;;;;RUB;0;1;;7705399429;;;;;0
I_SUP357;ЗЕЛЕНОГРАД ООО;;;;;;RUB;0;1;;;;;;;0
I_SUP358;ООО РВК "Раскат";Астраханская обл,с.Тишково,ул.Гагарина,д.42;;;;;RUB;0;1;;3002007631;;;Общество с ограниченной ответственностью РВК "Раскат";300201001;0
I_SUP359;AF_DM;;;;;;;0;1;;;;;;;0
I_SUP360;ООО "Древо Жизни";ул.Академика Пилюгина,д.10;;Москва;;(495) 495-540-99;RUB;0;1;(495)2121548;7736520876;;;Общество с ограниченной ответственностью "Дерево Жизни";773601001;0
I_SUP361;ООО "ЭстеркПарфюм";ул.Зорге, д.5,стр.3;;Москва;;;RUB;0;1;;7714902173;;;Общество с ограниченной ответственностью "ЭстеркПарфюм";771401001;0
I_SUP362;ИП Ильина Н.В.;Одинцовский р-н,с.Немчиновка,ул.6-ой просек,д.17;;;;+7(916)919-77-79;RUB;0;1;;503221213084;;0187760403;ИП Ильина Наталья Владимировна;;0
I_SUP363;ОАО "Л Дистрибьюшен";Московское шоссе, д.13,корп.9,лит.А;;Санкт-Петербург;;;RUB;0;1;;7810558903;;6107600;Открытое акционерное общество "Ладога Дистрибьюшен";781001001;0
I_SUP364;ООО "Объединенные кандитеры";2-й Новокузнецкий переулок, д. 13/15;;г. Москва;;(495) 951-84-78;RUB;0;1;;7705475711;;;ООО "Объединенные кандитеры";774850001;0
I_SUP365;ЗАО "ВИТА-В";Рублевское ш, дом № 48/1;;г. Москва;;(495) 792-54-42;RUB;0;1;;7734126183;;;ЗАО "ВИТА-В";;0
I_SUP366;ЗАО "АЭРОФЁРСТ";Шереметьево-2, участок 309;;Химки;;;RUB;0;1;;7712038014;;;Закрытое акционерное общество "АЭРОФЁРСТ";509950001;0
I_SUP367;ООО "ТБН Тайм-дистрибуция";ул.Летниковская,д.5;;Москва;;(495)725-81-10;RUB;0;1;(495)725-81-41;7725700644;;67941284;Общество с ограниченной ответственностью "ТБН Тайм-Дистрибуция";772501001;0
I_SUP368;ОАО "Рекс Трейдинг";ул.2-я Рейсовая, д.2,корп.3, пом. XV,ком.53;;Москва;;;RUB;0;1;;7703513746;;;Общество с ограниченной ответственностью "Рекс Трейдинг";772901001;0
I_SUP369;ООО "Нексит  Логистик";Бутырский вал, 48;;Москва;;8 (495) 250-84-05;RUB;0;1;;7707714041;;;Общество с ограниченной ответственностью ООО "Нексит  Логистик";770701001;0
I_SUP370;ООО "Торговый альянс "Вашерон";ул.Большая Полянка, д.7/10,стр.3, пом.2,комн.17;;Москва;;;RUB;0;1;;7706759988;;;Общество с ограниченной ответственностью "Торговый альянс "Вашерон";770601001;0
I_SUP371;ИП Строчков И.Ф.;Измайловское шоссе;;Москва;;;RUB;0;1;;772003566909;;;Индивидуальный предприниматель Строчков И.Ф.;;0
I_SUP372;ООО "Тонус";Ленинградский проспект,д. 37, корп. 9, офис 710;;Москва;;;RUB;0;1;;7719755035;;;Общество с ограниченной ответственностью "Тонус";771401001;0
I_SUP373;ООО "ГК "Даймонд";1-й Магистральный тупик, д.5А;;Москва;;+7(495)783-01-90;RUB;0;1;;7714857795;;;Общество с ограниченной ответственностью  "ГК "Даймонд";771401001;0
I_SUP374;ЗАО "ОриенталЪ Экспресс";ул. Смоленская, д. 10;;Москва;;;RUB;0;1;;7704733800;;;Закрытое акционерное общество  "ОриенталЪ Экспресс";770401001;0
I_SUP375;ООО "Электронные новинки";ул.25 лет Октября,д.9,офис 123;;Истра;;;RUB;0;1;;7709533499;;72790156;Общество с ограниченной ответственностью "Электронные новинки";501701001;0
I_SUP376;ООО "Гранд Бижу";Переулок Угловой, д.2,офис 1011;;Москва;;;RUB;0;1;;7707809208;;11333456;Общество с ограниченной ответственностью "Гранд Бижу";770701001;0
I_SUP377;ООО «Шереметьево Процессинг»;ул. Складочная, дом № 1, стр.18;;Москва;;;RUB;0;1;;7715766734;;62162629;Общество с ограниченной ответственностью«Шереметьево Процессинг»;771501001;0
I_SUP378;ЗОА "АРИРАМ";ул.Талалихина, д.41, строение 9;;Москва;;(495) 7308250;RUB;0;1;;7716138122;;;Закрытое акционерное общество "АРИРАМ";;0
I_SUP379;ООО "Кейк маркет";ул.Южнобутовская, д.91;;Москва;;;RUB;0;1;;7727715195;;66326105;Общество с ограниченной ответственностью "Кейк маркет";772701001;0
I_SUP380;ООО "Концепт-Бар";ул.Большая Серпуховская, д.30, стр.2;;Москва;;;RUB;0;1;;7705912601;;;Общество с ограниченной ответственностью ООО "Концепт-Бар";770501001;0
I_SUP381;ООО "Леконт";г Москва,пер.Кулакова, стр.1;;Москва;;8(495)686-94-05;RUB;0;1;;7717770969;;26239833;Общество с ограниченной ответственностью "Леконт";771701001;0
I_SUP382;OOO "Автограф";ул.Автозаводская,д.17,корп.3,офис 11;;Москва;;;RUB;0;1;;7725737193;;37140836;Общество с ограниченной ответственностью "Автограф";772501001;0
I_SUP383;ООО "БЕГЕМОТ Румянцево";п.Московский, д.Румянцево, стр.3;;Москва;;;RUB;0;1;;5003088820;;;Общество с ограниченной ответственностью "БЕГЕМОТ Румянцево";775101001;0
I_SUP384;ООО "Ламартис";ул.Мясницкая, д.35, стр.2;;Москва;;;RUB;0;1;;7708143288;;;Общество с ограниченной ответственностью "Ламартис";770801001;0
I_SUP385;ФГУП Издатцентр "Марка";ул.Б.Грузинская,д.4/6,стр.9;;Москва;;;RUB;0;1;;7710047870;;;ФГУП Издатцентр "Марка";770301001;0
I_SUP386;ООО "БТ БЕНЕФИТ";Власьевский Б. пер., д.11;;Москва;;;RUB;0;1;;7704704158;;;Общество с ограниченной ответственностью "БТ БЕНЕФИТ";;0
I_SUP387;ООО "Статус-групп";Огородный проезд,д.5,стр.3,офис 308;;Москва;;;RUB;0;1;;7715910836;;09180883;Общество с ограниченной ответственностью "Статус-групп";771501001;0
I_SUP388;ООО "Фирма Унитрон";ул Горная, 3А;;Пенза;;;RUB;0;1;;5836611040;;33206805;Общество с ограниченной ответственностью "Фирма Унитрон";583601001;0
I_SUP389;ООО "Миниум";ул.Каховская, д.10, к.3;;Москва;;+74955105430;RUB;0;1;;7726723370;;17688957;Общество с ограниченной ответственностью "Миниум";772701001;0
I_SUP390;ООО «ЭСКЬЮ СИГС»;Москва, ул. Молодёжная, д. 3, помещение XVII;;Москва;;+7(495)2342329;RUB;0;1;;7736664797;;;Общество с ограниченной ответственностью «ЭСКЬЮ СИГС»;773601001;0
I_SUP391;ООО "БИК";ул. Дегтярная,д.5-7,лит. Б;;Санкт-Петербург;;;RUB;0;1;;7826054531;;54248191;Общество с ограниченной Ответственностью "БИК";784201001;0
I_SUP392;ООО "Интел МСК";ул.Зеленодольская, д.20/9, помещение 1П;;Москва;;;RUB;0;0;;7721834823;;;Общество с ограниченной ответственностью "Интел МСК";772101001;0
I_SUP393;ИП Цыба Виталий Александрович;Россия,МО,г.Королёв,пр-д Матросова,3А,кв.26;;Королёв;;;RUB;0;1;;501815223043;;0175096929;Индивидуальный предприниматель Цыба Виталий Александрович;;0
I_SUP394;ООО "Чистое небо";ул.Шереметьево-1 (терминал С) офис 113,6;;Химки;;;RUB;0;0;;7704754818;;;Общество с ограниченной ответственностью "Чистое небо";504701001;0
I_SUP395;ООО "С-Трейд";ул.Крылатская,д.10;;Москва;;;RUB;0;1;;7706598709;;;Общество с ограниченной ответственностью "С-Трейд";773101001;0
I_SUP396;ООО "Столичные поставки";Алтуфьевское шоссе, дом №37, строение 8;;Москва;;+7(495)7807775;RUB;0;1;;7715899269;;;Общество с ограниченной ответственностью  "Столичные поставки";771501001;0
I_SUP397;ООО " Прованс";ул.Нижегородская д.29-33 стр.15;комната 434А;Москва;;;RUB;0;1;;7722817235;;18101894;Общество с ограниченной ответственностью "Прованс";772201001;0
I_SUP398;ООО Гостиный двор;г.Красноярск ул.Карамзина д.11;пом.190;Красноярск;;;RUB;0;1;;2464262553;;;Общество с ограниченной ответственностью Гостиный двор;246401001;0
I_SUP399;ООО Аль-Трейд;Московск. обл-ть, Мытищинский р-н;ТПЗ Алтуфьево, 84 км МКАД, Вл. 3А, стр. 3;Москва;;;RUB;0;1;;7716516350;;75334919;Общество с ограниченной ответственностью Аль-Трейд;502945002;0
I_SUP400;ООО "Крутон";Москва , Рязанский проспект;д.8А стр 14;;;;RUB;0;1;;7721663247;;;Общество с ограниченной ответственностью "Крутон";772101001;0
I_SUP401;ООО "Слава Зайцев Лакшери";Москва, Проспект Мира;21,стр.1;;;;RUB;0;1;;7712038014;;68903050;Общество с ограниченной ответственностью "Слава Зайцев Лакшери";509950001;0
I_SUP402;ООО "Покровский пряник";Владимирская обл., Петушинский р-он;п.Нагорный, ул. Новая,д.1;;;;RUB;0;1;;3321015653;;;Общество с ограниченной ответственностью "Покровский пряник";332101001;0
I_SUP403;ООО Валенсия Экспресс;Моск. обл, Истринский р-н,с/п Павло-Слободское;д. Лобаново, д. 21;;;;RUB;0;1;;5017098441;;13302027;Общество с ограниченной ответственностью "Валенсия Экспресс";501701001;0
I_SUP404;OOO"Восьмая Империя";Москва, Дербенёвская наб., дом 11, пом.39;;;;8(495)255-00-58;;0;1;;7725671070;;;Обществао с ограниченной ответственностью "Восьмая Империя";772501001;0
I_SUP405;ООО "Мирани";Москва, ул. 2-я Звенигородская, д.13, стр.18Ж;;;;+7(495)380-03-53;RUB;0;1;;;;62746000;Общество с ограниченной ответственностью "Мирани";770301001;0
I_SUP406;ООО "Бразис Логистик";Моск.обл.,Ленинский район,г.Видное;Северная промзона,владение 16;;;;RUB;0;1;;;;180701107;Общество с ограниченной ответственностью "Бразис Логистик";500301001;0
I_SUP407;ООО "Арона";Москва, ул.Радионовская,д.13,корпус 2,пом.2 офис 5;;;;;RUB;0;1;;7733905420;;40307872;Общество с ограниченной ответственностью "Арона";773301001;0
I_SUP408;ООО "Оптима Плюс";Старый Петровско-Разумовский пр-д, д.1/23, стр.3;;Москва;;;RUB;0;1;;7714826733;;;Общество с ограниченной ответственностью "Оптима плюс";771401001;0
O_SUP001;Global Promotional Services;;;;;;;0;1;;;;;;;0
O_SUP002;Aer Rianta International CPT;;;;;;;0;1;;;;;;;0
O_SUP003;Art Alliance Deluxe LTD;Diamond Bourse, 100 hatton Garden;;London;;;;0;1;;;;;;;0
O_SUP004;Art Alliance LTD (UK);48, Queen Anne Street, W1G9JJ;;London;;;;0;1;;;;;;609548300;2
O_SUP005;WELLVELROCK LTD;;;;;;;0;1;;;;;;;0
O_SUP006;Jacob & Co. Watches Inc.;48 ист 57ая улица, 4 этаж;;Нью Йорк;;;;0;1;;;;;;;0
O_SUP007;Nuance;;;;;;;0;1;;;;;;;0
O_SUP008;AMBREA SARL;30, route des Penys;;;;+ 41 22 301 75 30;;0;1;;;;;;;0
O_SUP009;Westa Gmbh;Gewerbepark Sud 24, 6068 Mils;;Austria;;;;0;1;;;;;;;0
O_SUP010;JSL Traiding AG;Seedammstrasse 3, 8808 Pfaeffikon SZ Switzerland;;Pfaeffikon;;;;0;1;;;;;JSL Traiding AG;;2
O_SUP011;JSL SPEDITION GmBH ;;;;;;;0;1;;;;;;;0
O_SUP012;BVLGARI PARFUME;;;;;;;0;1;;;;;;;0
O_SUP013;DUTY FREE;;;;;;;0;1;;;;;;;0
O_SUP014;DUTY FREE SERVICES;24 GERSTNNNNERSTRASSE WELS,4600 AUSTRIA KARL STOIB;BER;;;;;0;1;;;;;;;0
O_SUP015;DUTY FREE - SHANNON;;;;;;;0;1;;;;;;;0
O_SUP016;ARI-SHANNON EURO;SHANNON AIRPORT SHANNON, CO CLARE IRELAND;;;;;;0;1;;;;;;;0
O_SUP017;KENZO JEW;6-8 AVENUE DE SAUNIER BP 57 07160 LE CHEYLARD FRAN;NCE;;;;;0;1;;;;;;;0
O_SUP018;KENZO SKY  ;;;;;;;0;1;;;;;;;0
O_SUP019;KENZO PARFUMS ;3 PLACE DES VICTOIRES 75001 PARIS FRANCE;;;;;;0;1;;;;;;;0
O_SUP020;KENZO FASHION ;PARIS FRANCE 75001;;;;;;0;1;;;;;;;0
O_SUP021;SELDICO KENZO;;;;;;;0;1;;;;;;;0
O_SUP022;KENZO SILVER;;;;;;;0;1;;;;;;;0
O_SUP023;KENZO WATCHES;;;;;;;0;1;;;;;;;0
O_SUP024;L'OREAL PARIS  ;;;;;;;0;1;;;;;;;0
O_SUP025;L'OREAL PBI SKY ;;;;;;;0;1;;;;;;;0
O_SUP026;L'OREAL LUX GROUP;;;;;;;0;1;;;;;;;0
O_SUP027;MONTBLANC SIMPLO GMBH;HELLGRUNDWEG 100 22525 HAMBURG GERMANY;;;;;;0;1;;;;;;;0
O_SUP028;P&G MONT BLANC ;75 RUE D'AIGREMONT 78300 POISSY FRANCE;;;;;;0;1;;;;;;;0
O_SUP029;MONT BLANC INT BV ;EUROPLAZA HOOGOORDDREEF 54E NL-1101 BE AMSTERDAM Z;Z.O HOLLAND;;;;;0;1;;;;;;;0
O_SUP030;MONT BLANC SKY FASH;;;;;;;0;1;;;;;;;0
O_SUP031;ST.DUPONT;TOUR MAINE-MONTPARNASSE 75755 PARIS CEDEX 15 FRANC;CE;;;;;0;1;;;;;;;0
O_SUP032;ST.DUPONT INTERPARFUME ;;;;;;;0;1;;;;;;;0
O_SUP033;SUPPLIERS OLD;;;;;;;0;1;;;;;;;0
O_SUP034;CAROLINA HERRERA PUIG  ;TRAVESERA DE GRACIA,9 08021 BARCELONA SPAIN;;;;;;0;1;;;;;;;0
O_SUP035;AGATHA RUIZ DE LA PRADA PUIG;;;;;;;0;1;;;;;;;0
O_SUP036;AGATHA;;;;;;;0;1;;;;;;;0
O_SUP037;Paco Rabanne - PUIG;6 BOULEVARD DU PARC 92523 NEUILLY SUR SEINE FRANCE;E;;;;;0;1;;;;;;;0
O_SUP038;Prada - PUIG;;;;;;;0;1;;;;;;;0
O_SUP039;Nina Ricci - PUIG;6, BOULEVARD DU PARC 92523 NEUILLY SUR SEINE CEDEX;X FRANCE;;;;;0;1;;;;;;;0
O_SUP040;N.RICCI SKY;;;;;;;0;1;;;;;;;0
O_SUP041;VALENTINO PUIG;;;;;;;0;1;;;;;;;0
O_SUP042;P&G ALFRED DUNHILL;C/O COSMOPOLITAN COSMETICS;;;;;;0;1;;;;;;;0
O_SUP043;ALFRED DUNHILL GMBH;HELLGRUNDWEG 100 22525 HAMBURG GERMANY;;;;;;0;1;;;;;;;0
O_SUP044;Dolce & Gabbana - P&G;47, RUE ST.GEORGE 1213 PETIT LANCY/GENEVA SWITZERL;LAND;;;;;0;1;;;;;;;0
O_SUP045;DOLCE & GABBANA WATC;;;;;;;0;1;;;;;;;0
O_SUP046;DOLCE&GABBANA;VIA XX SETTEMBRE,123 MILAN ITALY;;;;;;0;1;;;;;;;0
O_SUP047;Escada - P&G;75 RUE D'AIGREMONT 78300 POISSY FRANCE;;;;;;0;1;;;;;;;0
O_SUP048;ESCADA SKY;15, AVENUE D'EYLAU 75116 PARIS FRANCE;;;;;;0;1;;;;;;;0
O_SUP049;Hugo Boss - P&G;47, RUE ST.GEORGE 1213 PETIT LANCY/GENEVA SWITZERL;LAND;;;;;0;1;;;;;;;0
O_SUP050;HUGO BOSS FASHION SK;DIESELSTRASSE12 D-72555 METZINGEN GERMANY BRD;;;;;;0;1;;;;;;;0
O_SUP051;HUGO BOSS WATCHES;;;;;;;0;1;;;;;;;0
O_SUP052;Lacoste - P&G;PROCTOR&GAMBLE AG 47,ROUTE SAINT GEORGE 1213 PETIT;T-LANCY/GENEVA SWITZERLAND;;;;;0;1;;;;;;;0
O_SUP053;BALDESSARINI - P&G;47, RUE ST.GEORGE 1213 PETIT LANCY/GENEVA SWITZERL;LAND;;;;;0;1;;;;;;;0
O_SUP054;Gucci - P&G;75 RUE D'AIGREMONT 78300 POISSY FRANCE;;;;;;0;1;;;;;;;0
O_SUP055;Issey Miyake - BPI;28-32 AVENUE VICTOG HUGO 75783 PARIS CEDEX 16 FRAN;NCE;;;;;0;1;;;;;;;0
O_SUP056;Jean Paul Gaultier - BPI;28-32 AVENUE VICTOR HUGO 75783 PARIS CEDEX 16 FRAN;NCE;;;;;0;1;;;;;;;0
O_SUP057;JEAN MARCEL DARROW GR;DARROW;;;;;;0;1;;;;;;;0
O_SUP058;BREITLING/DARROW GROUP;150 EAST 58TH STREET 33 RD FLOOR NEW YORK NY 10155;5;;;;;0;1;;;;;;;0
O_SUP059;V.D BAUWEDE ;V.D.BAUWEDE(DARROW GROUP);;;;;;0;1;;;;;;;0
O_SUP060;DARROW GROUP SUNGL;DARROW GROUP SPAIN;;;;;;0;1;;;;;;;0
O_SUP061;DARROW GROUP LTD;;;;;;;0;1;;;;;;;0
O_SUP062;DEL DARROW FASHION;;;;;;;0;1;;;;;;;0
O_SUP063;ZENITH WATCHES;ZENITH/DARROW GROUP LTD 150 EAST 58TH STREET 33RD ; FLOOR NEW YORK NY10155;;;;;0;1;;;;;;;0
O_SUP064;Narcisco Rodriguez - BPI;28-32 AVENUE VICTOG HUGO 75783 PARIS CEDEX 16 FRAN;NCE;;;;;0;1;;;;;;;0
O_SUP065;ELIE SAAB;;;;;;;0;1;;;;;;;0
O_SUP066;Biotherm - PBI;106 RUE DANTON 92691 LEVALLOIS PERRET FRANCE;;;;;;0;1;;;;;;;0
O_SUP0663;Swarovski DP;;;;;;;0;1;;;;;;;0
O_SUP067;BOUCHERON;;;;;;;0;1;;;;;;;0
O_SUP068;KIEHL'S PBI;;;;;;;0;1;;;;;;;0
O_SUP069;MAISON MARTIN MARGIELA;;;;;;;0;1;;;;;;;0
O_SUP070;Cacharel - PBI;106 RUE DANTON 92691 LEVALLOIS PERRET FRANCE;;;;;;0;1;;;;;;;0
O_SUP071;Ralph Lauren - PBI;106 RUE DANTON 92691 LEVALLOIS PERRET FRANCE;;;;;;0;1;;;;;;;0
O_SUP072;Giorgio Armani - PBI;106 RUE DANTON 92691 LEVALLOIS PERRET FRANCE;;;;;;0;1;;;;;;;0
O_SUP073;Paloma Picasso - PBI;106 RUE DANTON 92691 LEVALLOIS PERRET FRANCE;;;;;;0;1;;;;;;;0
O_SUP074;DOMAINE LAROCHE;L'OBEDIENCEBRIE 22 RUE LOUIS BRO BP 33. 89800 CHAB;BLIS FRANCE;;;;;0;1;;;;;;;0
O_SUP075;Guy Laroche - PBI;106 RUE DANTON 92691 LEVALLOIS PERRET FRANCE;;;;;;0;1;;;;;;;0
O_SUP076;Viktor&Rolf - PBI;FRANCE;;;;;;0;1;;;;;;;0
O_SUP077;VICTORINOX;CH 6428 IBACH-SCHWYZ SWITZERNALD;;;;;;0;1;;;;;;;0
O_SUP078;JFM PREMIUM PRODUCTS SARL;;;;;;;0;1;;;;;;;0
O_SUP079;JFM HELLO KITTY;;;;;;;0;1;;;;;;;0
O_SUP080;L'OREAL DIESEL;106 RUE DANTON 92691 LEVALLOIS PERRET FRANCE;;;;;;0;1;;;;;;;0
O_SUP081;Helena Rubinstein - PBI;106.RUE DANTON 92691 LEVALLOIS PERRET FRANCE;;;;;;0;1;;;;;;;0
O_SUP082;Lancome - PBI;106 RUE DANTON 92691 LEVALLOIS PERRET FRANCE;;;;;;0;1;;;;;;;0
O_SUP083;STELLA MC CARTNEY;;;;;;;0;1;;;;;;;0
O_SUP084;Yves Saint Laurent;YVES SAINT LAURENT 28 - 34 BLUD DU PARC 92521 NEUI;ILLY CEDEX FRANCE;;;;;0;1;;;;;;;0
O_SUP085;ZEGNA;;;;;;;0;1;;;;;;;0
O_SUP086;CLARINS SWAROVSKI;;;;;;;0;1;;;;;;;0
O_SUP087;CLARINS-PORSCHE DESIGN;;;;;;;0;1;;;;;;;0
O_SUP088;CLARINS GROUP;;;;;;;0;1;;;;;;;0
O_SUP089;Clarins;2,ROUTE DE LA GALAISE CH-1228 PLAN LES QUATES, SWI;ITZERLAND;;;;;0;1;;;;;;;0
O_SUP090;Azzaro - Clarins;5 RUE DU COMMANDANT PILOT 92200, NEUILLY SUR SEINE;E FRANCE;;;;;0;1;;;;;;;0
O_SUP091;Theirry Mugler - Clarins;5 RUE DU COMMANDANT PILOT 92200, NEUILLY SUR SEINE;E CEDEX FRANCE;;;;;0;1;;;;;;;0
O_SUP092;Lancaster - COTY;FORT MALAKOFF OARK GESCHEFTSZENTRUM 3.OG RHEINSTRA;ASSE 4E 55116 MAINZ DEUTSCHLAND;;;;;0;1;;;;;;;0
O_SUP093;LANCASTER;;;;;;;0;1;;;;;;;0
O_SUP094;MARCO POLO;TRADING MARCO POLO VIA SOLFERINO, 40 20121, MILANO;O, ITALY;;;;;0;1;;;;;;;0
O_SUP095;MARC JACOBS;;;;;;;0;1;;;;;;;0
O_SUP096;MARCOLIN ;MARCOLIN USA INC 1407 CORAL WAY MIAMI FLORIDA 3314;45-2876,U.S.A.;;;;;0;1;;;;;;;0
O_SUP097;MARCHON ;;;;;;;0;1;;;;;;;0
O_SUP098;MARC ROZIER;;;;;;;0;1;;;;;;;0
O_SUP099;MARCO FANTINI;VIA DEL PARADISO 118/E 50013 CAMPI BISENZIO FLOREN;NCE ITALY;;;;;0;1;;;;;;;0
O_SUP100;OPI COTY;;;;;;;0;1;;;;;;;0
O_SUP101;CALVIN KLEIN WATCHES;MATTENSTRASSE 149 CH-2503 BIEL/BIENNE 2503 SWITZER;RLAND;;;;;0;1;;;;;;;0
O_SUP102;Calvin Klein - COTY;28 CHEMIN DE JOINVILLE CH 1216 COINTRIN GENEVA SWI;ITZERLAND;;;;;0;1;;;;;;;0
O_SUP103;Clinique - Estee Lauder;BROADBENT HOUSE 68 GROSVENOR STREET LONDON W1Z 908;8 U K;;;;;0;1;;;;;;;0
O_SUP104;CREME DE LA MER;;;;;;;0;1;;;;;;;0
O_SUP105;Tommy Hilfiger - Estee Lauder;73 GROSVENOR STREET LONDON WIX 0BH U K;;;;;;0;1;;;;;;;0
O_SUP106;DONNA KARAN-LAUDER ;73 GROSVENOR HOUSE LONDON W1X 0BH U K;;;;;;0;1;;;;;;;0
O_SUP107;DKNY WATCHES SKY;USA;;;;;;0;1;;;;;;;0
O_SUP108;Michael Kors - Estee Lauder;73 GROSVENOR STR. LONDON WIX OBH U K;;;;;;0;1;;;;;;;0
O_SUP109;Missoni - Estee Lauder;73 GROSVENOR STR. LONDON WIX OBH UK;;;;;;0;1;;;;;;;0
O_SUP110;Aramis - Estee Lauder;75 GROSVENOR STREET LONDON W1X OBH;;;;;;0;1;;;;;;;0
O_SUP111;TOM FORD BEAUTY;;;;;;;0;1;;;;;;;0
O_SUP112;WATERFORD GLASS LTD;KILLBARRY. CO. WATERFORD.;;;;;;0;1;;;;;;;0
O_SUP113;ESTEE LAUDER;73 GROSVENOR STREET LONDON WIX 0BH U K;;;;;;0;1;;;;;;;0
O_SUP114;EUROITALIA - JOHN RICHMOND;;;;;;;0;1;;;;;;;0
O_SUP115;JOHN VARVATOS;;;;;;;0;1;;;;;;;0
O_SUP116;EUROITALIA S.R.L. - MOSCHINO;;;;;;;0;1;;;;;;;0
O_SUP117;ARTISAN PARFUME;;;;;;;0;1;;;;;;;0
O_SUP118;ANNICK GOUTAL;;;;;;;0;1;;;;;;;0
O_SUP119;JUILETTE HAS A GUN;;;;;;;0;1;;;;;;;0
O_SUP120;JUDITH LEIBER;;;;;;;0;1;;;;;;;0
O_SUP121;KINSKI;;;;;;;0;1;;;;;;;0
O_SUP122;LOLITA LEMPICKA;;;;;;;0;1;;;;;;;0
O_SUP123;MANCERA;;;;;;;0;1;;;;;;;0
O_SUP124;EUROITALIA S.R.L - VERSACE;;;;;;;0;1;;;;;;;0
O_SUP125;ESTER PERFUME;;;;;;;0;1;;;;;;;0
O_SUP126;ESTER BIJOUX;;;;;;;0;1;;;;;;;0
O_SUP127;FENDI PARFUM;;;;;;;0;1;;;;;;;0
O_SUP128;FENDI SILK SA;;;;;;;0;1;;;;;;;0
O_SUP129;SELDICO FENDI;;;;;;;0;1;;;;;;;0
O_SUP130;FENDI;;;;;;;0;1;;;;;;;0
O_SUP131;DEL GIVENCHY FFR;3 AVENUE GEORGE V 75008 PARIS;;;;;;0;1;;;;;;;0
O_SUP132;GIVENCHY ;74 RUE ANATOLE FRANCE 92532 LEVALLOIS PERRET FRANC;CE;;;;;0;1;;;;;;;0
O_SUP133;GROUP;;;;;;;0;1;;;;;;;0
O_SUP134;SIBER HEGNER GIVENCHY;SiberHegner Mita Bldg.4-19, Mita 3-chome,Minato-ku;u, Tokyo 108-8360 JAPAN;;;;;0;1;;;;;;;0
O_SUP135;PUCCI;;;;;;;0;1;;;;;;;0
O_SUP136;BPI;;;;;;;0;1;;;;;;;0
O_SUP137;THE ART OF SHAVING;;;;;;;0;1;;;;;;;0
O_SUP138;CHANEL SKY;135 AVENUE CHARLES DE GAULL 92521 NEUILLY SUR SEIN;NE  CEDEX FRANCE;;;;;0;1;;;;;;;0
O_SUP139;CHRISTIAN DIOR SKY;33 AVENUE HOCHE 75008 PARIS FRANCE;;;;;;0;1;;;;;;;0
O_SUP140;SELDICO DIOR;;;;;;;0;1;;;;;;;0
O_SUP141;DIOR JEW;;;;;;;0;1;;;;;;;0
O_SUP142;CHRISTIAN DIOR WATCHES;;;;;;;0;1;;;;;;;0
O_SUP143;CELLCOSMET& CELLMEN;;;;;;;0;1;;;;;;;0
O_SUP144;COTY;;;;;;;0;1;;;;;;;0
O_SUP145;EUROITALIA SKY;ITALIA MILANO;;;;;;0;1;;;;;;;0
O_SUP146;GUERLAIN ;125 RUE DU PRESIDENT WILSON 92300 LEVALLOIS PERRET;T FRANCE;;;;;0;1;;;;;;;0
O_SUP147;SELDICO GUERLAIN;;;;;;;0;1;;;;;;;0
O_SUP148;HERMES SKY;;;;;;;0;1;;;;;;;0
O_SUP149;HERMES PARFUMS  ;20 RUE DE LA VILLE L'EVEQUE 75008 PARIS FRANCE;;;;;;0;1;;;;;;;0
O_SUP150;HERMES FASHION;12-16 RUE AUGER 93500 PANTINE FRANCE;;;;;;0;1;;;;;;;0
O_SUP151;HERMES WATCHES;;;;;;;0;1;;;;;;;0
O_SUP152;Elizabeth Arden;ARDENEXPORT 78 CHAMPS ELYSEES 75008 PARIS FRANCE;;;;;;0;1;;;;;;;0
O_SUP153;ELIZABETH ARDEN SKY;28,CHEMIN DE JOINVILLE PO BOX 43 1216,COINTRIN,GEN;NEVA, SWITZERLAND;;;;;0;1;;;;;;;0
O_SUP154;E.ARDEN BRITNEY SPEARS;;;;;;;0;1;;;;;;;0
O_SUP155;L'OCCITANE;;;;;;;0;1;;;;;;;0
O_SUP156;LOEWE PERFUMES;;;;;;;0;1;;;;;;;0
O_SUP157;OLD PARFUME;;;;;;;0;1;;;;;;;0
O_SUP158;La Prairie Group AG;Industriestrasse 8 - CH-8604;Volketswil;Zurich;;;;0;1;;;info@laprairiegroup.ch;;La Prairie Group AG;;2
O_SUP159;P&G;;;;;;;0;1;;;;;;;0
O_SUP160;CARTIER PARFUME;51 RUE FRANCOIS IER 75008 PARIS FRANCE;;;;;;0;1;;;;;;;0
O_SUP161;CARTIER WATCHES;51 RUE PIERRE CHARRON 75008 PARIS FRANCE;;;;;;0;1;;;;;;;0
O_SUP162;CARTIER INT 10924098;51 RUE FRANCOIS 1ER 75008 PARIS FRANCE;;;;;;0;1;;;;;;;0
O_SUP163;CARTIER JEWELLERY;51 RUE PIERRE CHARRON 75008 PARIS FRANCE;;;;;;0;1;;;;;;;0
O_SUP164;PASCO GMBH;PASCO GMBH RUDOLPH-DIESEL-STR.12 D-69207 SANDHAUSE;EN GERMANY;;;;;0;1;;;;;;;0
O_SUP165;PUIG;;;;;;;0;1;;;;;;;0
O_SUP166;SHISEIDO EUROPE SAS;11, Rue Du Faubourg Saint Honore;79 Rue Marcel Dassault 92100 Boulogne;Paris;;;;0;1;;;;;;;2
O_SUP167;COSMOPOLITAN COSMETI;75 RUE D'AIGREMENT 78300 POISSY FRANCE;;;;;;0;1;;;;;;;0
O_SUP168;SCORPIO PARFUME;;;;;;;0;1;;;;;;;0
O_SUP169;SCORPIO TRAVEL RETAIL ;METCALF WAY CRAWLEY WEST SUSSEX RH11 7SU;;;;;;0;1;;;;;;;0
O_SUP170;SISLEY;;;;;;;0;1;;;;;;;0
O_SUP171;SWISS SMILE;;;;;;;0;1;;;;;;;0
O_SUP172;RENE CUSACK LTD;DOCK ROAD LIMERICK;;;;;;0;1;;;;;;;0
O_SUP173;VAN DYCK BELGIAN CHOC;GEELSEWEG 38 2250 OLEN BELGIUM;;;;;;0;1;;;;;;;0
O_SUP174;КОНСИГНАЦИЯ;;;;;;;0;1;;;;;;;0
O_SUP175;ROUGIE;MADRAZES BP118 24203 SARLAT FRANCE;;;;;;0;1;;;;;;;0
O_SUP176;ANTICA MURRINA SKY;;;;;;;0;1;;;;;;;0
O_SUP177;SEA & SKY SUPPLY;JAPAN;;;;;;0;1;;;;;;;0
O_SUP178;BREADWINNERS ;178 HIGH STREET MIDDLESEX TW11 8HU;;;;;;0;1;;;;;;;0
O_SUP179;WALKERS SHORTBREAD ;ABELOUR-ON-SPREY SCOTLAND AB38 9PD;;;;;;0;1;;;;;;;0
O_SUP180;DEL BURBERRYS;;;;;;;0;1;;;;;;;0
O_SUP181;LUXOTTICA UK IRL;&Lomb) B INTL. IRONBRIDGE CLOSE GREAT CENTRAL WAY ; LONDAN NW10 ONW;;;;;0;1;;;;;;;0
O_SUP182;CRABTREE & EVELYN;55-57 SOUTH EDWARDS SQUARE LONDON W8 6HP ENGLAND;;;;;;0;1;;;;;;;0
O_SUP183;CHAMBORD;BP 17 SAINT GERVAIS LA FORE 41353 VINEUL CEDEX FRA;ANCE;;;;;0;1;;;;;;;0
O_SUP184;CENTAUR TRAVEL RETAI;JAPAN;;;;;;0;1;;;;;;;0
O_SUP185;TRAVEL RETAIL INN;Operetteweg 76 1323 VC Almere Netherlands;;;;;;0;1;;;;;;;0
O_SUP186;TRAVELTELECOM;DARROW GROUP;;;;;;0;1;;;;;;;0
O_SUP187;FIDIA GIOIELLI S.P.A;VIA ARNO 108 50019 SESTO FIORENTINO FIRENZE ITALIE;E;;;;;0;1;;;;;;;0
O_SUP188;SOLVAR;10 HARCOURT STREET DUBLIN 2 IRELAND;;;;;;0;1;;;;;;;0
O_SUP189;HARRISON MUSIC;7 QUEEN STREET BELFAST BT1 6 EA;;;;;;0;1;;;;;;;0
O_SUP190;IBB UK;CLERKENWELL HOUSE. 67 CLERKENWELL ROAD LONDON ECIR;R 5BH ENGLAND;;;;;0;1;;;;;;;0
O_SUP191;GUESS - IBB B.V.;HOGEHILWEG 14 1101 CD AMSTERDAM HOLLAND;;;;;;0;1;;;;;;;0
O_SUP192;K KARL LAGERFELD;;;;;;;0;1;;;;;;;0
O_SUP193;KOALA WINES;2 EAST STREET WARRENPOINT CO.DOWN BT3 43JE U K;;;;;;0;1;;;;;;;0
O_SUP194;LULU  GUINNESS SKY;;;;;;;0;1;;;;;;;0
O_SUP195;NUOVA MOKAS SRL;;;;;;;0;1;;;;;;;0
O_SUP196;LIBERTY;;;;;;;0;1;;;;;;;0
O_SUP197;LIR CHOCS MARY WHITE;IDA ENTERPRISE CENTRE EAST WALL ROAD DUBLIN 3;;;;;;0;1;;;;;;;0
O_SUP198;TASHIA;2-4 PETERBOROUGH MEWS, PARSONS GREEN, LONDON SW6 3;3BL U K;;;;;0;1;;;;;;;0
O_SUP199;C.I.T.A.;SPAIN;;;;;;0;1;;;;;;;0
O_SUP200;MORGAN & OATES;;;;;;;0;1;;;;;;;0
O_SUP201;NORIKO IRELAND LTD;CENTRAL HOTEL CHAMBERS DAME COURT DUBLIN 2 IRELAND;D;;;;;0;1;;;;;;;0
O_SUP202;TOMS CONFECTIONERY ;DK-2750 BALLERUP;;;;;;0;1;;;;;;;0
O_SUP203;TARGUS EUROPE LTD;38 THREADNEEDLE STREET LONDON EC2P 2EH;;;;;;0;1;;;;;;;0
O_SUP204;TUMI SKY;TUMI SKY;;;;;;0;1;;;;;;;0
O_SUP205;REAKAM INC;;;;;;;0;1;;;;;;;0
O_SUP206;ИЗЛИШКИ;;;;;;;0;1;;;;;;;0
O_SUP207;AVANTA ELECTRONICS;;;;;;;0;1;;;;;;;0
O_SUP208;BAUME & MERCIER SA;61 ROUTE DE CHENE 1211 GENEVE 29 SWITZERLAND;;;;;;0;1;;;;;;;0
O_SUP209;BALMAIN WATCH;ORO VITCHENZA;;;;;;0;1;;;;;;;0
O_SUP210;BALMAIN;3 RUE DE L'INDUSTRIE 98000 MONACO PRINCIPALITY OF ; MONACO FRANCE;;;;;0;1;;;;;;;0
O_SUP211;BARAKA WATCH;LUGANO SWISSE;;;;;;0;1;;;;;;;0
O_SUP212;BARAKA JEW-GENERLUX;LUGANO;;;;;;0;1;;;;;;;0
O_SUP213;BJ FITZPATRICK & Co;GRAFTON HOUSE BALLYMOSS ROAD SANDYFORD INDUSTRIAL ; ESTATE DUBLIN 18, IRELAND;;;;;0;1;;;;;;;0
O_SUP214;CARRERA WATCHES;CARRETERA A1 KM31, 600 E-28750 SAN AGUSTIN DE GUAD;DALIX MADRID SPAIN;;;;;0;1;;;;;;;0
O_SUP215;CARRERA JEWELLERY;CARRETERA A1 KM 31, 600 E-28750 SAN AGUSTIN DE GUA;ADALIX, MADRID SPAIN;;;;;0;1;;;;;;;0
O_SUP216;DUBEY & SCHALDENBRAN;DUBEY;;;;;;0;1;;;;;;;0
O_SUP217;SOCRAFI SERVICES SA;6 AVENUE REVERDIL P.O.B. 540 1260 NYON 1 SWITZERLA;AND;;;;;0;1;;;;;;;0
O_SUP218;EDOX;;;;;;;0;1;;;;;;;0
O_SUP219;FREDERIQUE CONSTANT;ASHRIDGE MANOR,FOREST ROAD WOKINGHAM,BERKSHIRE RG4;40 5SL UK;;;;;0;1;;;;;;;0
O_SUP220;FOSSIL;2280 N GREENVILLE AVENUE RICHARDSON TEXAS 75082 U ; S A;;;;;0;1;;;;;;;0
O_SUP221;JACQUES LEMAN WATCHES;;;;;;;0;1;;;;;;;0
O_SUP222;LONGINES;SWITZERLAND;;;;;;0;1;;;;;;;0
O_SUP223;FOLLI-FOLLIE WATCHES;;;;;;;0;1;;;;;;;0
O_SUP224;MAJORICA PSTA SKY;;;;;;;0;1;;;;;;;0
O_SUP225;MAJORICA S.A.;INFANTA CARLOTA 123-127 JOSEP TARRADELLAS,BARCELON;NA SPAIN;;;;;0;1;;;;;;;0
O_SUP226;MILUS WEINER WATCH GROUP;;;;;;;0;1;;;;;;;0
O_SUP227;MISAKI VT LTD SKY;;;;;;;0;1;;;;;;;0
O_SUP228;RAYMOND WEIL WATCHES;30 - 31 SOUTH KING ST DUBLIN 2;;;;;;0;1;;;;;;;0
O_SUP229;OXYGEN SKY;162 RUE FAUBORG SAINT HONORE 75008;;;;;;0;1;;;;;;;0
O_SUP230;POLYOT WATCHES;FIRST MOSCOW WATCH FACTORY MOSCOW RUSSIA;;;;;;0;1;;;;;;;0
O_SUP231;POLICE TIME WATCHES;;;;;;;0;1;;;;;;;0
O_SUP232;RADO WATCHES;CH-2543 LENGNAU  SWITZERLAND;;;;;;0;1;;;;;;;0
O_SUP233;SWATCH GROUP UK;OMEGA HOUSE 112 SOUTHAMPTON ROAD EASTLEIGH GB;;;;;;0;1;;;;;;;0
O_SUP234;SOLATREX CITIZEN;BAY 20 SHANNON INDUSTRIAL EST SHANNON CO CLARE;;;;;;0;1;;;;;;;0
O_SUP235;OMEGA WATCHES;RUE STAMPFLI 96 CH-2500 BIENNE 4 SWITZERLAND;;;;;;0;1;;;;;;;0
O_SUP236;SWISS MILITARY - HANOWA;;;;;;;0;1;;;;;;;0
O_SUP237;LADOGA  JSL;;;;;;;0;1;;;;;;;0
O_SUP238;TISSOT;112 SOUTHHAMPTON ROAD EASTLEIGH HAMPSHIRE S05 5PB ; ENGLAND;;;;;0;1;;;;;;;0
O_SUP239;TAG WATCHES;14A Avenue des Champs-Montants 2074 Marin Suisse S;Switzerland;;;;;0;1;;;;;;;0
O_SUP240;TECHNOMARINE;;;;;;;0;1;;;;;;;0
O_SUP241;ALFA-ALYANCE;ALFA RUSSIA;;;;;;0;1;;;;;;;0
O_SUP242;CARAN D'ARCHE;DARROW GROUP ITALI;;;;;;0;1;;;;;;;0
O_SUP243;CHRONOLUX SA-CHOPARD;26 ADRIEN LACHENAL 1211 GENEVE SWITZERLAND APT8.6 ; VOLKHONKA STR. 121019 MOSCOW RUSSIA;;;;;0;1;;;;;;;0
O_SUP244;A.T.CROSS LTD ;BALLINASLOE CO. GALWAY IRELAND1 Albion Road, RI 0;028651 Albion Road RI 02865;;;;;0;1;;;;;;;0
O_SUP245;FIORELLA GIOELLI;PALERMO VIA ROMA 315/325 ITALY;;;;;;0;1;;;;;;;0
O_SUP246;UNOAERRE;HEADQUATERS VIA FIORENTINA 550 52100 AREZZO ITALIE;E;;;;;0;1;;;;;;;0
O_SUP247;DMD GOLD COLLECTION;;;;;;;0;1;;;;;;;0
O_SUP248;M.FREY WILLE ;WIEN A1060 GUMPENDORFER STRASSE 81;;;;;;0;1;;;;;;;0
O_SUP249;M.FRAY SKY;;;;;;;0;1;;;;;;;0
O_SUP250;GOLDMAJOR LTD;69 THE GROVE LONDON W5 5LL ENGLAND;;;;;;0;1;;;;;;;0
O_SUP251;GROSSE JEW SKY;;;;;;;0;1;;;;;;;0
O_SUP252;GROSSE UK LTD;250 HIGH ST. DORKING,SURREY RH4 1JL U K;;;;;;0;1;;;;;;;0
O_SUP253;GOURJI;;;;;;;0;1;;;;;;;0
O_SUP254;HASLACH GMBH;;;;;;;0;1;;;;;;;0
O_SUP255;HAMMER+SOHNE;GUTERSTRABE 14-16 D-7530 DFORZHEIN GERMANY;;;;;;0;1;;;;;;;0
O_SUP256;KAVALLARIS A LTD;JEWELLERS MANUFACTURER 11,D DEMETRIADES STR.6021 L;LARNACA-CYPRUS;;;;;0;1;;;;;;;0
O_SUP257;LONDON PEARL COMPANY;PEARL HOUSE 160162 HIGH STREET BUSHEY.HERTS WD2 3D;DH ENGLAND;;;;;0;1;;;;;;;0
O_SUP258;TAMBER;TAMBER Sp.z o.o.;;;;;;0;1;;;;;;;0
O_SUP259;LA MARQUISE;;;;;;;0;1;;;;;;;0
O_SUP260;NOUVELLE BAGUE;;;;;;;0;1;;;;;;;0
O_SUP261;ORO VITCHENZA;CYPRUS P.O.BOX 505961,3608 LIMASSOL www.oro.vitche;enza.com;;;;;0;1;;;;;;;0
O_SUP262;PIA PRETOR;S.R.O. NA DOMOVINE 687 PRAHA 4,142 00 CHECH REPUBL;LIC;;;;;0;1;;;;;;;0
O_SUP263;PIANEGONDA;5-7RUE DU CLOS-1207 GENEVE,SWITZERLAND;;;;;;0;1;;;;;;;0
O_SUP264;ROSA ROSE GOLD;DARROW GROUP LTD;;;;;;0;1;;;;;;;0
O_SUP265;COCOROSE;;;;;;;0;1;;;;;;;0
O_SUP266;RONSON INTL LTD;UTIT 1 SILVERBIRCH CAMPERDOWN IND EST KILLINGWORTH;H;;;;;0;1;;;;;;;0
O_SUP267;SHEAFFER;8 RUE MARTEL 75010 PARIS;;;;;;0;1;;;;;;;0
O_SUP268;EUGEN SCHOFER GmbH;75116 Pforzheim GERMANY PO Box 1644;;;;;;0;1;;;;;;;0
O_SUP269;TOMAS SABO SILVER;DARROW GROUP;;;;;;0;1;;;;;;;0
O_SUP270;MHCS-SERVICE CLIENT&OPERATIONS LOGISTQUES;;;;;;;0;1;;;;;;;0
O_SUP271;MASTER SERVICE COMPANY(ALCOM);;;;;;;0;1;;;;;;;0
O_SUP272;TRIANON-SERVICE;;;;;;;0;1;;;;;;;0
O_SUP273;ALKODIS ALCOSERVICES;;;;;;;0;1;;;;;;;0
O_SUP274;ARF INTER-TECHSERVICE;;;;;;;0;1;;;;;;;0
O_SUP275;LUBTORGSERVICE ;;;;;;;0;1;;;;;;;0
O_SUP276;RUSS-SERVICE;;;;;;;0;1;;;;;;;0
O_SUP277;VIDEOSERVICE;;;;;;;0;1;;;;;;;0
O_SUP278;BRAUN;FRANKFURTER STRADE 145 D-6242 KRONBERG GERMANY;;;;;;0;1;;;;;;;0
O_SUP279;CANON OY EURO;FINLAND;;;;;;0;1;;;;;;;0
O_SUP280;DURACELL BATTERIES N;MOSCOW RUSSIA;;;;;;0;1;;;;;;;0
O_SUP281;AMBASSADORS CHOICE;6,7 GLENEAGLES COURT BRIGHTON ROAD RH10 6AD WEST S;SUSSEX UNITED KINDOM;;;;;0;1;;;;;;;0
O_SUP282;ERGODATA;FORTRESS TECHNOLOGIES LTD UITEA 12/F RITZ PLASA, 1;122AUSTIN ROAD,TSIM SHA TSUI KOWLOON HONG KONG;;;;;0;1;;;;;;;0
O_SUP283;ECTACO;3121 31 STR LONG ISLAND CITY N Y 11106 USA;;;;;;0;1;;;;;;;0
O_SUP284;GRADIENT;MOSCOW;;;;;;0;1;;;;;;;0
O_SUP285;K&K;;;;;;;0;1;;;;;;;0
O_SUP286;MARKET CONNECTION EURO;;;;;;;0;1;;;;;;;0
O_SUP287;WRIGHT MARKET CONN JEW;WRIGHT(MARKET CON.JEW) UK;;;;;;0;1;;;;;;;0
O_SUP288;AS-MARKET;;;;;;;0;1;;;;;;;0
O_SUP289;TOBACCO MARKETING MU;;;;;;;0;1;;;;;;;0
O_SUP290;MDB TE GROUP;E.CAERTSSTRAAT 39 2180 EKEREN EKEREN. BELGIUM BELG;GIUM;;;;;0;1;;;;;;;0
O_SUP291;PHILIPS DAP DIVISION;BULVINOS HOUSE 171-175 UXBRIDGE ROAD LONDON W139AA;A;;;;;0;1;;;;;;;0
O_SUP292;PAT SAYS NOW;YAHALEL 2, ENTRANCE 2, TEL AVIV, 64585, ISRAEL;;;;;;0;1;;;;;;;0
O_SUP293;SOUNDLINE;MOSCOW;;;;;;0;1;;;;;;;0
O_SUP294;TECHSOYUZ SONY/KONICA;SHARIAN AIRPORT INT FREE ZONE UAE;;;;;;0;1;;;;;;;0
O_SUP295;SONYA RYKIEL;175 BOULEVARD SAINT GERM;;;;;;0;1;;;;;;;0
O_SUP296;SONY FINLAND;;;;;;;0;1;;;;;;;0
O_SUP297;UNIT;;;;;;;0;1;;;;;;;0
O_SUP298;UNITED TRADE COMPANY;;;;;;;0;1;;;;;;;0
O_SUP299;BRONCES E.TORTOSA S.;46210 PICANYA SPAIN;;;;;;0;1;;;;;;;0
O_SUP300;ARTIS ORBIC - IRISH;C/O IRISH DRESDEN DROMCOLIHER CO.LIMERIK IRELAND;;;;;;0;1;;;;;;;0
O_SUP301;IRISH DRESDEN;DROMCOLIHER. CO. LIMERICK. IRELAND;;;;;;0;1;;;;;;;0
O_SUP302;IRISH CREATIVE STAMPING;;;;;;;0;1;;;;;;;0
O_SUP303;LLADRO;AVDA REY D. JAIME 26.B TAVARNAS BLANQUEZ 46016 VAL;LENCIA SPAIN;;;;;0;1;;;;;;;0
O_SUP304;DISPLAY DESIGN COMPANY;;;;;;;0;1;;;;;;;0
O_SUP305;PATRON SPIRIT COMPANY;;;;;;;0;1;;;;;;;0
O_SUP306;SWAROVSKI JEWELLERY;GENERAL-WILL-STRASSE 88 CH-8706 FELDMEILEN SWITZER;RLEND;;;;;0;1;;;;;;;0
O_SUP307;ALD INT FASHION;4/8 BVD DE LA MADELEINE 2 RUE GODOT DE MAUROY FRAN;NCE;;;;;0;1;;;;;;;0
O_SUP308;LAMY-ALD INT ;;;;;;;0;1;;;;;;;0
O_SUP309;HARDY;;;;;;;0;1;;;;;;;0
O_SUP310;LANVIN EURO;JEANNE LANVIN S.A. 22RUE DUE FAUBOURG SAINT HONORE;E 75008 PARIS;;;;;0;1;;;;;;;0
O_SUP311;LANVIN SUNGLASSES;;;;;;;0;1;;;;;;;0
O_SUP312;MEISER CONSULTANCY;FRIEDRICH-ECKART STRASSE 56 81929 MUENCHEN BIRGIT ; MEISER;;;;;0;1;;;;;;;0
O_SUP313;MAUI JIM;;;;;;;0;1;;;;;;;0
O_SUP314;SAFILO ;ALLMENDSTRASSE 7 PO BOX 235, CH-4410 LIESTAL, SWIT;TZERLAND;;;;;0;1;;;;;;;0
O_SUP315;OAKLEY;;;;;;;0;1;;;;;;;0
O_SUP316;SILHOUETTE INT;POSTFACH 538 ELLBOGNERSTRABE 24 4021 LINZ AUSTRIA;;;;;;0;1;;;;;;;0
O_SUP317;TIGER ELECTRONICS USD;BELVEDERE HOUSE, VICTORIA AVE, HARROGATE, NORTH YO;ORKSHIRE HG1 2AU ENGLAND;;;;;0;1;;;;;;;0
O_SUP318;CONNECT INT LTD;11 SANDYFORD OFFICE PARK SANDYFORD DUBLIN 18;;;;;;0;1;;;;;;;0
O_SUP319;HASBRO HUNGARY LTD;PEST CENTRE 1071 BUDAPEST PETERDY UTCA 15 HUNGARY;;;;;;0;1;;;;;;;0
O_SUP320;KEEL TOYS;;;;;;;0;1;;;;;;;0
O_SUP321;LEGO OVERSEAS A/S;DK-7090 BILLUND LEGO DENMARK;;;;;;0;1;;;;;;;0
O_SUP322;MATTEL EUROPA;GONDEL 1 1186MJ AMSTELVEEN THE NETHERLANDS;;;;;;0;1;;;;;;;0
O_SUP323;MERAKETECH;LE MONTAIGNE, 7 AVENUE DE GRANDE BRETANG. MC 98000;0 MONACO ALEXANDRA MANTICA;;;;;0;1;;;;;;;0
O_SUP324;LEIXLIP;CO KILDARE;;;;;;0;1;;;;;;;0
O_SUP325;PREMIER PORTFOLIO EURO;;;;;;;0;1;;;;;;;0
O_SUP326;RUSS BERRIE UK LTD;LIBERTY HOUSE HOUNDSDOWN BUSINESS PARK SOUTHAMPTON;N SO409RB ENGLAND;;;;;0;1;;;;;;;0
O_SUP327;SCHABAK;SCHABAK MODELL NEUWIEDER STR.17 90411 NURNBERG GER;RMANY;;;;;0;1;;;;;;;0
O_SUP328;U.TOYS;;;;;;;0;1;;;;;;;0
O_SUP329;Wodyscovery OU;;;;;;;0;1;;;;;;;0
O_SUP330;EASTPAK;;;;;;;0;1;;;;;;;0
O_SUP331;JACQUES FAREL;;;;;;;0;1;;;;;;;0
O_SUP332;KIPLING EUROPE DIVISION;TWEEMONSTRAAT 258 B-2100 ANTWERPEN BELGIUM;;;;;;0;1;;;;;;;0
O_SUP333;CAROLE PLUS GOLDOAK;OAKLANDS PARK FISHPONDS ROAD WOKINGHAM BERKSHIRE R;RG11 2FE U.K.;;;;;0;1;;;;;;;0
O_SUP334;DESIGN GO;UNIT 1 MILL HILL INDUSTRIAL ESTATE FLOWER LINE LON;NDON NW7 1 PS U K;;;;;0;1;;;;;;;0
O_SUP335;TIME DESIGN;;;;;;;0;1;;;;;;;0
O_SUP336;ANTWERP DESIGN;;;;;;;0;1;;;;;;;0
O_SUP337;STAR CASE;NEW ROAD, PERSHORE, WORCS WR10 IBY UK;;;;;;0;1;;;;;;;0
O_SUP338;INTERBOOK BUSINESS;;;;;;;0;1;;;;;;;0
O_SUP339;DEL FASHION FLO LTD;21-23 RICHMOND AVENUE DUBLIN 3;;;;;;0;1;;;;;;;0
O_SUP400;SAMSONITE EUROPE;N.V.WESTERRING 17 B-9700 OUDENAARDE BELGIUM;;;;;;0;1;;;;;;;0
O_SUP401;VERBILKI PORCELAIN WORKS;;;;;;;0;1;;;;;;;0
O_SUP402;VESTA TRADE;;;;;;;0;1;;;;;;;0
O_SUP403;WELCOME;;;;;;;0;1;;;;;;;0
O_SUP404;CENTROPEL;;;;;;;0;1;;;;;;;0
O_SUP405;CIRCUS;;;;;;;0;1;;;;;;;0
O_SUP406;DRIMLEKS;;;;;;;0;1;;;;;;;0
O_SUP407;DELSEY;PARIS NORD II 215, AVENUE DES NATIONS B.P.60019 TR;REMBLAY EN FRANCE 95970 ROISSY CDG CEDEX FRANCE;;;;;0;1;;;;;;;0
O_SUP408;ESSE;VIA NOVARA,71 28047 ITALY;;;;;;0;1;;;;;;;0
O_SUP409;FINESSE UK LTD;;;;;;;0;1;;;;;;;0
O_SUP410;RATTI;LUNGO LARIO TRENTO,47 22100 COMO ITALY;;;;;;0;1;;;;;;;0
O_SUP411;ELIT;;;;;;;0;1;;;;;;;0
O_SUP412;FRANCESCO SMALTO;2,RUE DE BASSANO 75016 PARIS FRANCE;;;;;;0;1;;;;;;;0
O_SUP413;FURLA;VIA BELLARIA 3/5 40068 SAN LAZZARO DI SAVENA BOLOG;GNA ITALY;;;;;0;1;;;;;;;0
O_SUP414;GENERLUX TRADING SA;TUSCANY EDIFIVIO BANCOMER 2000 P.O.BOX 7412-PANAMA;A;;;;;0;1;;;;;;;0
O_SUP415;ROBERTA DI CAMERINO;ITALIA;;;;;;0;1;;;;;;;0
O_SUP416;DEL MANBOW FINANCE ;;;;;;;0;1;;;;;;;0
O_SUP417;IRAKLIS KALLISTHENIS;FUR & LEATHER FATHION NIDDASTRASSE 54 6000 FRANKFU;URT AM MAIN 1 DBR;;;;;0;1;;;;;;;0
O_SUP418;ISA SpA;ITALY;;;;;;0;1;;;;;;;0
O_SUP419;IFD LIMITED;VIA MOTTA 4 BALERNA CH-6828 SWITZERLAND;;;;;;0;1;;;;;;;0
O_SUP420;JANEKE;;;;;;;0;1;;;;;;;0
O_SUP421;KASMET SHASTYE;;;;;;;0;1;;;;;;;0
O_SUP422;LONGCHAMP;12, RUE SAINT-FLORENTIN 75001 PARIS FRANCE;;;;;;0;1;;;;;;;0
O_SUP423;LA SETA MANTERO;MANTERO SETA SRK VIA S.ABBONDIO 8 22100 COMO ITALY;Y;;;;;0;1;;;;;;;0
O_SUP424;LANCEL SKY;;;;;;;0;1;;;;;;;0
O_SUP425;LES COPAINS (BVM);;;;;;;0;1;;;;;;;0
O_SUP426;MANAKAS;NEUE MAINZER STRASSE 47-53 D-60255 FRANKFURT/MAIN ; GERMANY;;;;;0;1;;;;;;;0
O_SUP427;MEPI;;;;;;;0;1;;;;;;;0
O_SUP428;MAGIC TEXTILE ;;;;;;;0;1;;;;;;;0
O_SUP429;PORTOLANO;;;;;;;0;1;;;;;;;0
O_SUP430;PORTOLANO GUANTI;VIA C.CATTANEO 1-80017 MELITO NAPOLI;;;;;;0;1;;;;;;;0
O_SUP431;P.KOASTAS & CIE EVEE;P.KOASTAS & CIE EVEE;;;;;;0;1;;;;;;;0
O_SUP432;PAL ZILERI;;;;;;;0;1;;;;;;;0
O_SUP433;TEXIER;10 RUE DE LA GREURIE 35500 VITRE FRANCE.;;;;;;0;1;;;;;;;0
O_SUP434;PAUL & SHARK;TUSCANY EDIFIVIO BANCOMER 2000 P.O.BOX 7412-PANAMA;A;;;;;0;1;;;;;;;0
O_SUP435;ЗАО "Таймлес лакшери продактс";М.Левшинский переулок,д.10,оф.7;;Москва;;;RUB;0;1;;7704534731;;;Закрытое акционерное общество "Таймлес лакшери продактс";;0
O_SUP436;TSANIKIDIS NIDDASTRASSE;6000 FRANKFURT /M GERMANY;;;;;;0;1;;;;;;;0
O_SUP437;CHURCHILLS;;;;;;;0;1;;;;;;;0
O_SUP438;FERRERO TRADING LUX ;IBAN: LU720030689576523000;;;;;;0;1;;;;;;;0
O_SUP439;GODIVA S.A. BELGIUM;RUE DE L'ARMISTICE 5 WAPENSTILSTANDSTRAAT B-1080 B;BRUXELLES BELGIQUE;;;;;0;1;;;;;;;0
O_SUP440;GUYLIAN NV/SA;EUROPARK-OOST 1 9100 SINT-NIKLAAS BELGIUM;;;;;;0;1;;;;;;;0
O_SUP441;GOLDKENN;AIR RIANTA INTERNATIONAL;;;;;;0;1;;;;;;;0
O_SUP442;JACOBS SUCHARD DM AC;INT.DUTY FREE DIV BELLERIVESTRASSE 203 CH-8008 ZUR;RICH SWITZERLAND;;;;;0;1;;;;;;;0
O_SUP443;JULES DESTROOPER;NV BISCUITERIE JULES DESTROOP HOGEBURSTRAAT 10-12 ; 8647 LO BELGIUM;;;;;0;1;;;;;;;0
O_SUP444;KRAFT JAKOBS SUCHARD;INTERNATIONAL DUTY FREE DIV BELLERIVERSTRASE 203 C;CH-8008 ZURICH SWITZERLAND;;;;;0;1;;;;;;;0
O_SUP445;TRAFALGAR FOODS LTD;P.O.BOX 3297 BARNET WD6 2HP EN5 1XR UK;;;;;;0;1;;;;;;;0
O_SUP446;LINDT;CH.8802 KILCHBERG /SCHWEIG SEESTRASSE 204 SWITZERL;LAND;;;;;0;1;;;;;;;0
O_SUP447;MARS HOLLAND ;SNACK FOOD EUROPE HOLLAND;;;;;;0;1;;;;;;;0
O_SUP448;NESTLE WORLD TRADE;P O BOX 353 CH-1800 VEVEY SWITZERLAND;;;;;;0;1;;;;;;;0
O_SUP449;VALORA TRADE DENMARK;STRANDVEJEN 60 DK-2900 HELLERUP DENMARK;;;;;;0;1;;;;;;;0
O_SUP450;SWEET TALK CONFECTION;UNIT 27 IDA ENTERPRISE CENTRE DUBLIN 2 IRELAND;;;;;;0;1;;;;;;;0
O_SUP451;STORCK INTERNATIONAL;POSTFACH 1565 HALLE GERMANY;;;;;;0;1;;;;;;;0
O_SUP452;INFIFON B.V.;IDA HERGUETA;;;;;;0;1;;;;;;;0
O_SUP453;ALOKOZAY;P.O.BOX 18165 JEBEL,ALI FREE ZONE DUBAI, U.A.E;;;;;;0;1;;;;;;;0
O_SUP454;CORPORATE AGENCIES LIMITED,CORP;CALLE 50,TORRE GLOBAL PLAZA,PISO 7, OF.7E,PANAMA,P;PANAMA;;;;;0;1;;;;;;;0
O_SUP455;DAVIDOFF INTERNATIONAL;C/O OETTINGER IMEX S.A. NAUENSTRASSE 73 CH-4002 BA;ASEL;;;;;0;1;;;;;;;0
O_SUP456;JAPAN TOBACCO INT Co;12 CHEMIN RIEU CH-1211 GENEVA 17 SWITZERLAND;;;;;;0;1;;;;;;;0
O_SUP457;IMPERIAL TOBACCO;;;;;;;0;1;;;;;;;0
O_SUP458;SCANDINAVIAN TOBACCO;;;;;;;0;1;;;;;;;0
O_SUP459;LF CONSALTING LTD;FIRST FLOOR 11 BOUMBOULINAS STREET CY-1060,NICOSIA;A CYPRUS;;;;;0;1;;;;;;;0
O_SUP460;EL PACO;;;;;;;0;1;;;;;;;0
O_SUP461;ITIL;CIGARETTENFABRIKEN GMBH MAX-BORN STR.4 22761 HAMBU;URG;;;;;0;1;;;;;;;0
O_SUP462;ROTHMANS INT;GRIENBACHSTRASSE 11 CH-6301 ZUG SWITZERLAND;;;;;;0;1;;;;;;;0
O_SUP463;ALTADIS;143,BOULEVARD ROMAIN ROLLAND 75685 PARIS CEDEX 14 ; FRANCE;;;;;0;1;;;;;;;0
O_SUP464;SWISHER INT LTD ARI;25/29 HIGH STREET.LEATHERHE SURREY KT22 SAB ENGLAN;ND;;;;;0;1;;;;;;;0
O_SUP465;WORLDBEST CIGARS;WORLDBEST CIGARS;;;;;;0;1;;;;;;;0
O_SUP466;WORLD OF NEW RUSSIAN;;;;;;;0;1;;;;;;;0
O_SUP467;HENRY WINTERMAN SIGA;NIEUWSTRAAT 75-77, 5521BC, PO BOX 2 5520 AA EERSEL;L HOLLAND PETRIE VAN HERK;;;;;0;1;;;;;;;0
O_SUP468;WEITNAUER;;;;;;;0;1;;;;;;;0
O_SUP469;GLOBAL PROMOTIONAL S;MASSANDRA UKRAINE;;;;;;0;1;;;;;;;0
O_SUP470;WBDF_JAMESON;CHIVAS HOUSE 72 CHANCELLORS ROAD LONDON UK;;;;;;0;1;;;;;;;0
O_SUP471;AMKA OY/AB;AMKA OY/ABOSTRE BOULEVARD 29 DK-8900 RANDERS DENMA;ARK;;;;;0;1;;;;;;;0
O_SUP472;SPI SPIRITS CYPRUS;KANIKA BUSINESS CENTRE 319A,28TH OCTOBER STREET;;;;;;0;1;;;;;;;0
O_SUP473;GOLDEN SPIRIT SA;1 AVENUE DE BEAUREGARD 1700 FRIBOURG SWITZERLAND;;;;;;0;1;;;;;;;0
O_SUP474;ISF International Spiritus Forum GMBH;Kantstr.149,D-10623  Berlin;;;;;;0;1;;;;;;;0
O_SUP475;KYNDAL SPIRITS LTD;;;;;;;0;1;;;;;;;0
O_SUP476;FINLANDIA VODKA - BF;POB 350 SF 00/01 HELSINKI FINLAND;;;;;;0;1;;;;;;;0
O_SUP477;FINLANDIA VODKA ;;;;;;;0;1;;;;;;;0
O_SUP478;AST;;;;;;;0;1;;;;;;;0
O_SUP479;MASTER DISTRIBUTERS;;;;;;;0;1;;;;;;;0
O_SUP480;FABER CASTELL;;;;;;;0;1;;;;;;;0
O_SUP481;ASTROPEL;;;;;;;0;1;;;;;;;0
O_SUP482;LIMOGES CASTEL;;;;;;;0;1;;;;;;;0
O_SUP483;ALCOMARQUES;;;;;;;0;1;;;;;;;0
O_SUP484;ALLIED BRANDS;;;;;;;0;1;;;;;;;0
O_SUP485;BROWN FORMAN BEVERAG;850 DIXIE HIGHWAY KY 40210 LOUISVILLE USA;;;;;;0;1;;;;;;;0
O_SUP486;BARDINET SA;DOMAINE DE FLEURENNE BP513 33291 BLANQUEFORT CEDEX;X FRANCE;;;;;0;1;;;;;;;0
O_SUP487;BLAVOD DRINKS LTD;202 FULHAM ROAD LONDON SW10 9PJ BLAVOD DRINKS LTD ; UK;;;;;0;1;;;;;;;0
O_SUP488;BORIE-MANOUX WINES;FRANCE;;;;;;0;1;;;;;;;0
O_SUP489;BOLS SP.Z.O.O;48 KOWANOWSKA STREET 64-600 OBORNIKI WIELKOPOLSKIE;E POLAND;;;;;0;1;;;;;;;0
O_SUP490;BEVERAGES&TRADING;BACCARDI MOSCOW RUSSIA;;;;;;0;1;;7706244940;;;;;0
O_SUP491;BELVEDERE;SCANDINAVIA A/S GENERATORVEJ 6A;;;;;;0;1;;;;;;;0
O_SUP492;BISQUIT COGNAC;;;;;;;0;1;;;;;;;0
O_SUP493;BACARDI GMBH;HINDENBUGSTRASSE 49 D-22297 HAMBURG;;;;;;0;1;;;;;;;0
O_SUP494;MARTINI-BACARDI;ITALY;;;;;;0;1;;;;;;;0
O_SUP495;DAVID CAMPARI;20121 FILIPPO TURATI MILANO ITALY;;;;;;0;1;;;;;;;0
O_SUP496;CAMUS INTERNATIONAL;P.O. BOX N9272 NASSAU BAHAMAS;;;;;;0;1;;;;;;;0
O_SUP497;CHATEAU DE COGNAC SA;B.P.3 - 16101 COGNAC CEDEX FRANCE;;;;;;0;1;;;;;;;0
O_SUP498;HENNESSY COGNAC;RUE DE LA RICHONNE 16100 COGNAC FRANCE;;;;;;0;1;;;;;;;0
O_SUP499;COGNAC FRAPIN;WANNERSTRASSE 35/140 8045 ZURICH SWITZERLAND;;;;;;0;1;;;;;;;0
O_SUP500;MEUKOW FELINE COGNAC;C.C.G.INTERNATIONAL.26.RUE PAS CAL COMBEAU.16100 C;COGNAC FRANCE;;;;;0;1;;;;;;;0
O_SUP501;THOMAS HINE COGNAC;0 BP 8-16200-JARNAC FRANCE;;;;;;0;1;;;;;;;0
O_SUP502;L CONNAUGHTON & SON;32-34 GRAND CANAL STREET DUBLIN 2 .;;;;;;0;1;;;;;;;0
O_SUP503;DISTILLERIA BOTTEGA;VIA.GALILEO GALILEI,11 31020 CASTELLO ROGANZUOLO D;DISAN FOIR(TREVISO) ITALIA;;;;;0;1;;;;;;;0
O_SUP504;DEBRISE DULAC;ROUTE DE TROUVILLE 14130 PONT L'EVEQUE FRANCE;;;;;;0;1;;;;;;;0
O_SUP505;DRAMBUIE LIQUER CO;18 WESTERTON ROAD BROXBURN WEST LOTHIAN EH 52 5 AQ;Q;;;;;0;1;;;;;;;0
O_SUP506;FOSTERS;;;;;;;0;1;;;;;;;0
O_SUP507;W.GRANT & SONS;PARK RD PA2 6YA PAISLEY SCOTLAND U K;;;;;;0;1;;;;;;;0
O_SUP508;IAN MACLEOD DISTILLERS LTD;BROXBURN EH52 5BU SCOTLAND;;;;;;0;1;;;;;;;0
O_SUP509;GLENMORANGE;MACDONALD HOUSE, 18 WESTERN R. BROXBURN, WEST LOTH;HIAN,EH52 5AQ, UK;;;;;0;1;;;;;;;0
O_SUP510;HERMANN JOERSS;HAMBURG HRB 40115;;;;;;0;1;;;;;;;0
O_SUP511;JANNEAU;321000 CONDOM FRANCE.;;;;;;0;1;;;;;;;0
O_SUP512;KAZUMIAN BELGIUM bvb;AMERIKALEI 27 B2000 ANTWERPEN BELGUIM;;;;;;0;1;;;;;;;0
O_SUP513;WHYTE & MACKAY;9-21 SALAMANDER PLACE LEITH EDINBURGH;;;;;;0;1;;;;;;;0
O_SUP514;KAGANSKI&CO.GMBH;HOCHBAUMSTRASSE 48,D-14167, BERLIN, GERMANY;;;;;;0;1;;;;;;;0
O_SUP515;NANSECK KRAUS & Co;A-104D WIEN. K9ROLINENGASSE 5WEYRINGERGASSE 35/DG;G A-1040 WIEN;;;;;0;1;;;;;;;0
O_SUP516;LA POUYADE;16120 BHASSAC FRANCE FRANCE;;;;;;0;1;;;;;;;0
O_SUP517;LOUIS ROEDERER S.A.;21. BOULEVARD LUNDY. B.P. N 66. 51053 REIMS CEDEX;;;;;;0;1;;;;;;;0
O_SUP518;CHAMPAGNE LAUREN PERRIER;DOMAINE LAURENT PERRIER B.P.3-51190 TOURS SUR MARN;NE FRANCE;;;;;0;1;;;;;;;0
O_SUP519;GRAND CRU MAGNUM;;;;;;;0;1;;;;;;;0
O_SUP520;PRICILLA CHAN ;UNIT1,11/F ONE LYNDHURST TOWER 1 LYNDHURST TERRACE;E HONG KONG HONG KONG;;;;;0;1;;;;;;;0
O_SUP521;MORRISON SCOTCH;SPRINGBURN BOND. CARLISLE STREET.GLASGOW G21 IEQ U;UK;;;;;0;1;;;;;;;0
O_SUP522;MARNE & CHAMPAGNE DIFFUSION;AMBER HOUSE MARKET STREET BRACKNELL.BERKSHIRE RG12;21J U K;;;;;0;1;;;;;;;0
O_SUP523;MOET & CHANDON;20, AV.DE CHAMPAGNE 51333 EPERNAY CEDEX FRANCE;;;;;;0;1;;;;;;;0
O_SUP524;A.R.I.;;;;;;;0;1;;;;;;;0
O_SUP525;MD GURMEX LTD;27 OLD GLOUCESTER STREET WCIN 33XX LONDON;;;;;;0;1;;;;;;;2
O_SUP526;MONO;KATLAKALNA STR.1 RIGA LATVIA;;;;;;0;1;;;;;;;0
O_SUP527;NEFT VODKA DISTRIBUTION LLC;1055 BUDAPEST,KOSSUTH TER,16-17,HUNGARY;;;;;;0;1;;;;;;;0
O_SUP528;REMY MARTIN;CUSTOMER SERVICE &LOGISTICS CARREFOUR MOLIERE 4912;24 ST.BATHELEMY D'ANJOU FRANCE;;;;;0;1;;;;;;;0
O_SUP529;REMY DENVIEW;;;;;;;0;1;;;;;;;0
O_SUP530;SNIPE BRANDS;NICOSIA TOWER CENTRE 36 BYRON AVENUE NICOSIA (1511;1) CYPRUS;;;;;0;1;;;;;;;0
O_SUP531;DIAGEO (UDV+BAILEYS);MOLENWERF 10-12 1014BG PO BOX 58182 1040 HD AMSTER;RDAM NETHERLANDS;;;;;0;1;;;;;;;0
O_SUP532;UNDERBERG;UNDERBERG STRASSE 1 D-4134 RHEINBERG 1 WEST GERMAN;NY;;;;;0;1;;;;;;;0
O_SUP533;VEUVE CLIQUOT PONSARDIN;12 RUE DU TEMPLE 51100 REIMS FRANCE;;;;;;0;1;;;;;;;0
O_SUP534;VASCO INT SARL;;;;;;;0;1;;;;;;;0
O_SUP535;WHTEHOUSE LEISURE LLP;;;;;;;0;1;;;;;;;0
O_SUP536;WILLIAM LUSTY LTD;WILLIAM LUSTY LTD BRITANNIA HOUSE SHAW STREET  RUN;NCORN CHESCHIRE WA7 5TZ;;;;;0;1;;;;;;;0
O_SUP537;ABSOLUT Co;(MAXIUMS) DENMARK;;;;;;0;1;;;;;;;0
O_SUP538;JIM BEAM BRANDS ;DALMORE HOUSE 296/298 ST VINCENT STREET GLASGOW G2;2 5RG SCOTLAND;;;;;0;1;;;;;;;0
O_SUP539;AEON SKY;;;;;;;0;1;;;;;;;0
O_SUP540;BUCKLEY;;;;;;;0;1;;;;;;;0
O_SUP541;BREO Ltd;;;;;;;0;1;;;;;;;0
O_SUP542;UNISET;;;;;;;0;1;;;;;;;0
O_SUP543;DE RIGO;;;;;;;0;1;;;;;;;0
O_SUP544;GMC GROUP;;;;;;;0;1;;;;;;;0
O_SUP545;GOLD SILK;;;;;;;0;1;;;;;;;0
O_SUP546;HANSE DISTRIBUTION GmbH;;;;;;;0;1;;;;;;;0
O_SUP547;ITF COSMETIC;;;;;;;0;1;;;;;;;0
O_SUP548;IMMAGINE (VERSACE);;;;;;;0;1;;;;;;;0
O_SUP549;ICE WATCH;;;;;;;0;1;;;;;;;0
O_SUP550;KALOO AND COROLLE;;;;;;;0;1;;;;;;;0
O_SUP551;LIFETRONS;;;;;;;0;1;;;;;;;0
O_SUP552;COEUR DE LION;;;;;;;0;1;;;;;;;0
O_SUP553;McG CONSULTANTS;;;;;;;0;1;;;;;;;0
O_SUP554;TINTAMAR;;;;;;;0;1;;;;;;;0
O_SUP555;AYDYA LTD TRAVALO MC SKY;AYDYA LIMITED, DUNSINANE ESTATE, DUNDEE, DD2 3QF;;;;;;0;1;;;;;;;0
O_SUP556;MD GOURMEX LTD;;;;;;;0;1;;;;;;;2
O_SUP557;MORELLATO;;;;;;;0;1;;;;;;;0
O_SUP558;MAXXIUM TRAVEL RETAIL;MAXXIUM TRADE GTR J.J.VIOTTASTRAAT 46-48 1071 JT A;AMSTERDAM THE NETHERLANDS;;;;;0;1;;;;;;;0
O_SUP559;NICLAS AG;;;;;;;0;1;;;;;;;0
O_SUP560;PT SWITZELAND;;;;;;;0;1;;;;;;;0
O_SUP561;ROTARY OVERSEAS  LTD;;;;;;;0;1;;;;;;;0
O_SUP562;ROAMER;;;;;;;0;1;;;;;;;0
O_SUP563;STEAMCREAM;;;;;;;0;1;;;;;;;0
O_SUP564;SAG TRADING LLC;;;;;;;0;1;;;;;;;0
O_SUP565;STIEPAN DRUCT;;;;;;;0;1;;;;;;;0
O_SUP566;SEIKO;;;;;;;0;1;;;;;;;0
O_SUP567;SKAGEN;;;;;;;0;1;;;;;;;0
O_SUP568;TIME&MORE e.K;;;;;;;0;1;;;;;;;0
O_SUP569;TRI;;;;;;;0;1;;;;;;;0
O_SUP570;WWF;;;;;;;0;1;;;;;;;0
O_SUP571;ZEADES WATCHES SKY;;;;;;;0;1;;;;;;;0
O_SUP572;MIOTIS;;;;;;;0;1;;;;;;;0
O_SUP573;AIRESS BP 2005 ARBENT;;;;;;;0;1;;;;;;;0
O_SUP574;CORDIS MEDIA;;;;;;;0;1;;;;;;;0
O_SUP575;VOICE IT;;;;;;;0;1;;;;;;;0
O_SUP576;T&D;;;;;;;0;1;;;;;;;0
O_SUP577;ALEXANDER McQUEEN;;;;;;;0;1;;;;;;;0
O_SUP578;FRANK MULLER WATCHES;;;;;;;0;1;;;;;;;0
O_SUP579;BEIERSDORF;;;;;;;0;1;;;;;;;0
O_SUP580;BLUMER SCHMUCKWAREN;;;;;;;0;1;;;;;;;0
O_SUP581;BUCHERER;;;;;;;0;1;;;;;;;0
O_SUP582;BOXIT;;;;;;;0;1;;;;;;;0
O_SUP583;BEAUTE PRESTIGE INTL;BEAUTE PRESTIGE INT GR BRITAIN;;;;;;0;1;;;;;;;0
O_SUP584;BOLLINGER CHAMPAGNE;;;;;;;0;1;;;;;;;0
O_SUP585;BENTLEYS;;;;;;;0;1;;;;;;;0
O_SUP586;BERRY BROS & RUDD ;;;;;;;0;1;;;;;;;0
O_SUP587;DEL COEUR D'OCRES;;;;;;;0;1;;;;;;;0
O_SUP588;C.V.B.G. DOURTHE KRESM;;;;;;;0;1;;;;;;;0
O_SUP589;CADBURRYS INT;;;;;;;0;1;;;;;;;0
O_SUP590;CHARRIOL WATCHES JEW;;;;;;;0;1;;;;;;;0
O_SUP591;CALCIO SWISS;;;;;;;0;1;;;;;;;0
O_SUP592;DEL CARTA MOUSSE;;;;;;;0;1;;;;;;;0
O_SUP593;DEL CORTA FASHION HOUSE;;;;;;;0;1;;;;;;;0
O_SUP594;DENVIEW U.E.;;;;;;;0;1;;;;;;;0
O_SUP595;MAGERIT DARROW EURO;;;;;;;0;1;;;;;;;0
O_SUP596;DARROZE BAS ARMAGNAC;;;;;;;0;1;;;;;;;0
O_SUP597;GIORGIO BEVERLY HILLS;;;;;;;0;1;;;;;;;0
O_SUP598;DEL EREVAN TSHIRT FASHION;;;;;;;0;1;;;;;;;0
O_SUP599;FRANCIS SELECTION ;;;;;;;0;1;;;;;;;0
O_SUP600;FERRAGAMO PARFUMS;;;;;;;0;1;;;;;;;0
O_SUP601;FRICZ;;;;;;;0;1;;;;;;;0
O_SUP602;GS INTERNATIONAL;;;;;;;0;1;;;;;;;0
O_SUP603;GREITER INTL AG;;;;;;;0;1;;;;;;;0
O_SUP604;GONZALEZ BYASS;;;;;;;0;1;;;;;;;0
O_SUP605;SUROS SMALL ENTERPRISE;;;;;;;0;1;;;;;;;0
O_SUP606;HENDRIX ENTERPRISE;;;;;;;0;1;;;;;;;0
O_SUP607;DEL ISIDE & INTERMODA;;;;;;;0;1;;;;;;;0
O_SUP608;INFOFUR LTD;;;;;;;0;1;;;;;;;0
O_SUP609;IMAFOT TECHSOJUZ EURO;;;;;;;0;1;;;;;;;0
O_SUP610;JEUNE TRADE;;;;;;;0;1;;;;;;;0
O_SUP611;JM MANUFACTURING;;;;;;;0;1;;;;;;;0
O_SUP612;JACOB JENSEN;;;;;;;0;1;;;;;;;0
O_SUP613;HLADOKOMBINAT N2;;;;;;;0;1;;;;;;;0
O_SUP614;KONSTANTINOPOL FUR;;;;;;;0;1;;;;;;;0
O_SUP615;LALIQUE;;;;;;;0;1;;;;;;;0
O_SUP616;LUTCH FACTORY;;;;;;;0;1;;;;;;;0
O_SUP617;HIGHLAND DISTILLERS;THE EDRINGTON GROUP CLYDE BONDING DUNTREATH AVE DR;RUMCHAPEL, GLASGOW            S COT;;;;;0;1;;;;;;;0
O_SUP618;MAXIMS'S DE PARIS;;;;;;;0;1;;;;;;;0
O_SUP619;MACGRAV LTD;;;;;;;0;1;;;;;;;0
O_SUP620;MERCURY DISTRIBUTION;;;;;;;0;1;;;;;;;0
O_SUP621;MONTEGRAPPA;;;;;;;0;1;;;;;;;0
O_SUP622;MINOLTA;;;;;;;0;1;;;;;;;0
O_SUP623;NOYAC INTERNATIONAL;;;;;;;0;1;;;;;;;0
O_SUP624;NIKAND LTD;;;;;;;0;1;;;;;;;0
O_SUP625;NICKNAME ;;;;;;;0;1;;;;;;;0
O_SUP626;NAOMI FURS;;;;;;;0;1;;;;;;;0
O_SUP627;OSTWIND GROUP;;;;;;;0;1;;;;;;;0
O_SUP628;O'NEILLS AND CO;;;;;;;0;1;;;;;;;0
O_SUP629;PRESS POINT INT;;;;;;;0;1;;;;;;;0
O_SUP630;PRAGEANSTAIT OSWALD;;;;;;;0;1;;;;;;;0
O_SUP631;PIERRE CLARENCE;;;;;;;0;1;;;;;;;0
O_SUP632;ROCHAS PARFUME;;;;;;;0;1;;;;;;;0
O_SUP633;VAN CLEEFS & ARPELS;;;;;;;0;1;;;;;;;0
O_SUP634;PATONS MACADAMIA PLAN;;;;;;;0;1;;;;;;;0
O_SUP635;PERNOD RICARD EUROPE;;;;;;;0;1;;;;;;;0
O_SUP636;DEL ROTEX S.R.L;;;;;;;0;1;;;;;;;0
O_SUP637;RANET CENTRE;;;;;;;0;1;;;;;;;0
O_SUP638;RUSSU G.A.;;;;;;;0;1;;;;;;;0
O_SUP639;R.J.REYNOLDS;;;;;;;0;1;;;;;;;0
O_SUP640;SECTOR IRELAND SKY ;C/O A MOLINS;;;;;;0;1;;;;;;;0
O_SUP641;SEAGRAMS UK LTD EURO;;;;;;;0;1;;;;;;;0
O_SUP642;SECTOR SPORT WATCHES;;;;;;;0;1;;;;;;;0
O_SUP643;SEVERIN MONTRE  ;;;;;;;0;1;;;;;;;0
O_SUP644;CROCUS;;;;;;;0;1;;;;;;;0
O_SUP645;VILLIGER SOHNE  ;;;;;;;0;1;;;;;;;0
O_SUP646;STILTEK;;;;;;;0;1;;;;;;;0
O_SUP647;BOBBY BROWN;;;;;;;0;1;;;;;;;0
O_SUP648;SELDICO GROUP;;;;;;;0;1;;;;;;;0
O_SUP649;COFFEE BREND DISTRIBUTION;;;;;;;0;1;;;;;;;0
O_SUP650;TOYDICO;;;;;;;0;1;;;;;;;0
O_SUP651;ALVIERO MARTINI;;;;;;;0;1;;;;;;;0
O_SUP652;KIMMI;;;;;;;0;1;;;;;;;0
O_SUP653;LES CONTES SAS;91, rue du Faubourg Saint-Honore;539 328 526 R.C.S. Paris;Paris;;;;0;1;;;;;LES CONTES SAS;;2
O_SUP654;RANCE;;;;;;;0;1;;;;;;;0
O_SUP655;SCHLEICH;;;;;;;0;1;;;;;;;0
O_SUP656;PARKER;;;;;;;0;1;;;;;;;0
O_SUP657;WATERMAN;;;;;;;0;1;;;;;;;0
O_SUP658;AVALANCHE;;;;;;;0;1;;;;;;;0
O_SUP659;MAV;;;;;;;0;1;;;;;;;0
O_SUP660;BVLGARI;;;;;;;0;1;;;;;;;0
O_SUP661;Time & More;;;;;;;0;1;;;;;;;0
O_SUP662;MGI Luxury Group S.A.;;;;;;;0;1;;;;;;;0
O_SUP663;Greenfield;Trident Chambers, P.O.Box 146, Road Town;;is.Tortola;;;;0;1;;;;;Greenfield Intervest Ltd;;0
O_SUP664;AIR Affinity Limited;Studio G3, Grove Park Studios;;Лондон;;;;0;1;;;;;AIR Affinity Limited;;2
O_SUP665;Hibway Ltd. t/a Saffon Supply Services;Коннотон энд Санз, Грэнд Канал Ки;;Дублин 2;;;;0;1;;;;;Hibway Ltd. t/a Saffon Supply Services;;2
O_SUP666;Swarovski International Distribution AG;Droeschistrasse 15;FL-9495 Triesen,Liechtenstein;;;;;0;1;;;;;Swarovski International Distribution AG;;2
O_SUP667;ARCOROS Inc.;1600 Rene-Levesque ouest, bureau 910;Montreal H3H 1P9;;;;;0;1;;;;;ARCOROS Inc.;;2
O_SUP668;Ashford Handels GmbH;38 Holunderweg,Moenchengladbach 41169;;;;;;0;1;;;;;Ashford Handels GmbH;;2
O_SUP669;Best Wine Corporation;65 and 50 Street Plaza Varibe Building;First floor, office 105, City of Panama;;;;;0;1;;;;;Best Wine Corporation;;2
O_SUP670;Richemont International SA;10, route des Biches;CH -1752, Villars-Sur-Glane;;;;;0;1;;;;;Richemont International SA;;2
ТАМОЖНЯ;Таможня;;;;;;;0;1;;;;;;;0
