supplier_id;name;swsdfid;swsdfusdid;swsdpid;navid;swsdfid_ari;swsdpid_ari
0;NA;0;0;0;(null);(null);(null)
1; ŒÕ—»√Õ¿÷»ﬂ;27089534;27089534;14120281;0;(null);(null)
2;E12345 ES.MOLECULES ›—“≈–  œ¿–‘ﬁÃ;0;0;14122386;(null);(null);(null)
3;---;28551042;28551042;14323943;0;(null);(null)
4;A0000006 ¿–’¿Õ√ OOO;0;0;11271174;0;(null);(null)
5;A00004 ICS;0;0;10902882;0;(null);(null)
6;A00005 ALFA PLUS;0;0;10902883;0;(null);(null)
7;A00006 ART-BOOKS OOO;0;0;10902884;0;(null);(null)
8;A00007 ¿À≈‘ “–≈…ƒ ŒŒŒ;0;0;11372511;0;(null);(null)
9;A00012 ¿¬¿ÀŒÕ “–≈…ƒ;0;0;11690046;0;(null);(null)
10;A00111 APC-FOUDS OOO;0;0;10902886;0;(null);(null)
11;A01000 ALESER 000;0;0;10902887;0;(null);(null)
12;A014660 ASGHARALI ESTERK;45124181;45124181;16223207;0;(null);(null)
13;A10015 CAROLINA HERRERA PUIG;10907434;10907434;16157276;0;(null);(null)
14;A11100 ART-ALYANCE ECO RBL;0;0;10902892;0;(null);(null)
15;A11114 AVALANCHE;0;0;15205851;0;(null);(null)
16;A11117 AVIATOR;0;0;15205854;0;(null);(null)
17;A12000 ¿Ã¿ƒ≈”—;0;0;11450423;0;(null);(null)
18;A14520 ¿À Œ-Ã»–;0;0;11274573;0;(null);(null)
19;A32111 AVANTA ELECTRONICS;28593085;28593085;15980835;O_SUP207;(null);(null)
20;A33000 ARDEN LAGERFELD;0;0;11728840;0;(null);(null)
21;A33315+ AEROBRIDGE OOO;24612378;24612378;15872568;0;(null);(null)
22;A45698 ART ALLIANCE LTD;0;0;15963727;0;(null);(null)
23;A65432 AVTOGRAF;45121100;45121100;16222300;0;(null);(null)
24;A72508 ¿ﬂ —-œ–≈—— ŒŒŒ;44809367;44809367;16192379;I_SUP010;(null);(null)
25;A88881 ¿–»¿Ã;0;0;16223492;0;(null);(null)
27;AD00000 AF_DM;0;0;15929513;0;(null);(null)
28;AEROFIRST_RBN;0;0;10902895;0;(null);(null)
31;ARIAL;0;0;16135458;0;(null);(null)
32;ART BAZAR GR;0;0;15407859;0;(null);(null)
34;B000005 »“¿À ŒÃ;0;0;10902896;0;(null);(null)
35;B00001 VASKO RBL;0;0;10902897;0;(null);(null)
36;B00003 BEVERIDGIS AND TRAIDING;0;0;10902899;0;(null);(null)
37;B00004 BAZA-4 ZAO;0;0;10902900;0;(null);(null)
38;B00005 BELLIGEN TD;0;0;10902901;0;(null);(null)
39;B0005 ¬–≈Ã≈Õ¿ √Œƒ¿ “ƒ;0;0;11168902;0;(null);(null)
40;B10000 TP BIRNS;0;0;10902903;0;(null);(null)
41;B10001 BORALEX;0;0;10902904;0;(null);(null)
42;B10027 ISSEY MIYAKI BPI;10907387;10907387;16222992;0;(null);(null)
43;B10029 NARCISO RODRIGUES BPI;10908145;10908145;16222990;0;(null);(null)
49;B54321 BYREDO ESTERK;45123746;45123746;16222849;0;(null);(null)
50;BB55515 BETTY BARCLAY - ≈ƒ»Õ¿ﬂ ≈¬–Œœ¿;0;0;15054381;0;(null);(null)
51;BPI;12143104;12143104;16223507;0;(null);(null)
52;BR75321 BURBERRY BPI;43255913;43255913;16223562;0;(null);(null)
53;BV10020 BOTTEGA VENETA;0;0;16223608;0;(null);(null)
54;C00001 COCA-COLA USD;0;0;10902906;0;(null);(null)
55;C00010 KC FUDS;0;0;10902907;0;(null);(null)
56;C00012 À»Õ»ﬂ ◊»Õ ”≈ OOO;0;0;10968807;0;(null);(null)
57;C10000 CASIO 000;0;0;10902908;0;(null);(null)
58;C15000 CHASPROMTORG ZAO;0;0;10902912;0;(null);(null)
59;C27565 CHANEL PARFUMS;10907446;10907446;15913684;0;(null);(null)
62;CA12345 C.AGUILERA - ≈ƒ»Õ¿ﬂ ≈¬–Œœ¿;0;0;14008009;0;(null);(null)
63;CC00001 CLIVE CHRISTIAN ESTERK;45124180;45124180;16223206;0;(null);(null)
65;CK11111 CK WATCHES;0;0;13934647;0;(null);(null)
66;COTY;0;0;16223578;0;(null);(null)
67;D00001 DENVIEW U.E.;0;0;10902913;0;(null);(null)
68;D00002 DMITROV-ALKO OOO;0;0;10902914;0;(null);(null)
69;D10000 ƒ»À¿Õ+ OOO;0;0;11003144;0;(null);(null)
70;D10001 DENVIEW RBL;0;0;10902916;0;(null);(null)
71;D10005  ›Õƒ»À¿…Õ ŒŒŒ;0;0;13530515;I_SUP148;(null);(null)
72;D20030 DOLCE & GABBANA P&G;10922384;10922384;16222253;0;(null);(null)
73;D50005 DEMOS-APS AOOT;0;0;10902918;0;(null);(null)
74;D5005005 ƒœ-“–≈…ƒ ŒŒŒ;0;0;11715231;0;(null);(null)
75;D67890 DAVIDOFF - ≈ƒ»Õ¿ﬂ ≈¬–Œœ¿;0;0;14008011;0;(null);(null)
76;DE22222 DESIGUAL;45124149;45124149;15981558;0;(null);(null)
77;DG10067 D&G WATCHES;0;0;11310611;0;(null);(null)
78;DR5432 DE RIGO;10907358;10907358;16222279;0;(null);(null)
80;E00001 APOLLO ELECTRONICS;0;0;10902919;0;(null);(null)
81;E00003 INTERPRODUCT ZAO;0;0;10902921;0;(null);(null)
82;E00004 ≈¬–¿—≈–¬»— ŒŒŒ;0;0;11163369;0;(null);(null)
83;E00005 ELECTROCOMPROECT;0;0;10902922;0;(null);(null)
84;E0002 UVELCOM OOO;0;0;10902924;0;(null);(null)
85;E10022 ESCADA P&G;10907556;10907556;16222630;0;(null);(null)
86;E11000 EVRAZIYA OOO;0;0;10902925;0;(null);(null)
88;E33962 HUGO BOSS PARFUME;0;0;15644008;0;(null);(null)
89;E33965 LACOSTE P&G;10907255;10907255;16222631;0;(null);(null)
91;E55555 ESSE DP EURO;0;0;10924931;0;(null);(null)
92;E77712 ESTER BIJOUX;0;0;15981401;0;(null);(null)
93;ELIT BAGS GROUP;0;0;16222206;0;(null);(null)
94;EN12355 ENNS;45120906;45120906;16222258;0;(null);(null)
95;EN44567 ELECTRONIC NOVELTIES;44153565;44153565;16171437;0;(null);(null)
96;ES12345 ELIE SAAB;0;0;16223564;0;(null);(null)
97;ESTEE LAUDER GROUP;12580967;12580967;16223506;O_SUP113;(null);(null)
98;ESTERK PARFUME;0;0;16222986;0;(null);(null)
99;EXILITY;44514878;44514878;16165066;0;(null);(null)
101;F11111 FANAGORIA TRADE HOUSE OOO;0;0;10902929;0;(null);(null)
102;F11116 FABER CASTELL;0;0;15205853;0;(null);(null)
103;F3333300 FOLLI FOLLIE WATCHES;0;0;11307070;0;(null);(null)
104;F55545 FURLA;0;0;12309424;0;(null);(null)
105;F55556 FOSSIL;0;0;15115888;0;(null);(null)
106;F87654 FERAUD - ≈ƒ»Õ¿ﬂ ≈¬–Œœ¿;0;0;14425730;0;(null);(null)
107;FER123 FERRERO;0;0;16222285;0;(null);(null)
109;G00001 MASTER DISTRIBUTERS;0;0;10902930;0;(null);(null)
110;G00002 GOLD GRAIL;0;0;10902931;0;(null);(null)
111;G0001 GROSS OOO;0;0;10902932;0;(null);(null)
112;G10000 GELEO OOO;0;0;10902933;0;(null);(null)
114;G11110 MASTER DISTRIBUTERS RBL;0;0;10902934;0;(null);(null)
115;G11111 GIVENCHY COUTURE RBN;0;0;10902935;0;(null);(null)
116;G11112 GIVENCHY COUTURE EURO;0;0;10902936;0;(null);(null)
119;G33322 GENERLUX TRADING S.A. DP;0;0;10902938;0;(null);(null)
122;GS12334 GWEN STEFANI - ≈ƒ»Õ¿ﬂ ≈¬–Œœ¿;0;0;14165253;0;(null);(null)
123;H10053 HERMES;0;0;16223502;0;(null);(null)
125;I00001 AGROS-EKO;0;0;10902939;0;(null);(null)
126;I00003 COSMOPOLITAN COSMETICS;0;0;10902941;0;(null);(null)
127;I22222 ISA SPA DP RBN;0;0;10915168;0;(null);(null)
130;I75666 KORLOFF INTERLUX;44185424;44185424;16152906;0;(null);(null)
131;I98765 SILLAGE INTERLUX;42520715;42520715;15948027;0;(null);(null)
133;IMPORT;0;0;16222663;0;(null);(null)
134;INTERLUX;44185423;44185423;16152905;0;(null);(null)
135;INTERLUX 2;45125269;45125269;16223617;0;(null);(null)
136;J00001 JANEKE;0;0;13672184;0;(null);(null)
137;J20060 JULES DESTROOPER;10907208;10907208;15971592;0;(null);(null)
138;J22345 JUILETTE HAS A GUN ESTERK;27146387;27146387;16223208;0;(null);(null)
140;J99999 JSL TRADING AG;28840119;28840119;15601393;O_SUP010;(null);(null)
141;JR12345 JOHN RICHMOND;0;0;14030217;0;(null);(null)
143;K00001  –¿—Õ€… Œ “ﬂ¡–‹;0;0;10902944;0;(null);(null)
144;K00009 KENZO JEW DP EURO;0;0;10902946;0;(null);(null)
145;K0001 KENZO SILVER;0;0;11852187;0;(null);(null)
146;K01110 HERMITAGE SKY;0;0;10902947;0;(null);(null)
147;K10001 HERMITAGE EURO;0;0;10902949;0;(null);(null)
148;K11111  ¿«”ÃﬂÕ;0;0;10902951;0;(null);(null)
149;K127566 Œ¿Œ  « Œ“–¿ƒÕŒ≈;0;0;15892709;I_SUP084;(null);(null)
150;K15973 KEIKO MECHERI INTERLUX;45125117;45125117;16223539;0;(null);(null)
153;K44455 KOLBER WATCHES;0;0;10902952;0;(null);(null)
154;K55545 KILIAN ESTERK;45123748;45123748;16222847;0;(null);(null)
155;K555544 KEEL TOYS;0;0;15481433;0;(null);(null)
156;K55555  Œ–ŒÕ¿ ŒŒŒ;0;0;13477160;0;(null);(null)
157;K56999  ¿— ¿ƒ OOO;0;0;11039767;0;(null);(null)
158;K66666 KONFAEL.JCS;0;0;0;0;(null);(null)
159;K99999 KENZO JEW DP RBL;0;0;10902953;0;(null);(null)
160;KM12389 KEIKO MICHERY (À¿ ÿ≈–»);45125409;45125409;16223662;0;(null);(null)
161;KM22230 KEIKO MECHERI INTERLUX 2;45125274;45125274;16223622;0;(null);(null)
162;KO15151  ŒÕ»  ŒŒŒ;0;0;14080114;0;(null);(null)
163;KONIC GR;0;0;15357422;0;(null);(null)
164;KZ55555 ERCI;0;0;15981417;0;(null);(null)
165;L'OREAL LUX GROUP;0;0;14877652;0;(null);(null)
166;L10006 LONGCHAMP;10907509;10907509;16222232;0;(null);(null)
169;L10019 MARC JACOBS COTY;19259440;19259440;16223588;0;(null);(null)
170;L11000 À≈Ã¿- Œ– OOO;0;0;11075402;0;(null);(null)
172;L11111 LONGCHAMP;0;0;10902958;0;(null);(null)
173;L12222 LINDT;10907318;10907318;15828970;0;(null);(null)
176;L15808 LANCEL;10907409;10907409;16140707;0;(null);(null)
177;L25116 LANVIN COUTURE RBN;0;0;11689272;0;(null);(null)
180;L44444 OOO À‘¡;0;0;15922954;0;(null);(null)
185;M00000 MAJORICA EURO;0;0;10913918;0;(null);(null)
186;M00001 MASTER DISTRIBUTION;0;0;10902960;0;(null);(null)
187;M00002 Ãƒ ;0;0;10902961;0;(null);(null)
188;M00003 METRO & KERRI;0;0;10902962;0;(null);(null)
189;M00008 MARKET CONNECTIONS;0;0;11380711;0;(null);(null)
190;M00010 MARTHEL ZAO;0;0;10902963;0;(null);(null)
191;M00011 CROCUS;0;0;10902964;0;(null);(null)
192;M0101010 Ã≈“–Œ  ≈ÿ ›Õƒ  ≈––»;0;0;11410701;0;(null);(null)
193;M02000 MILLENIUM-2000;0;0;10902965;0;(null);(null)
194;M03000 MAGISTR BIBENDI OOO;0;0;10902966;0;(null);(null)
195;M04660 ŒŒŒ Ã»–¿Õ»;45125931;45125931;16223637;0;(null);(null)
196;M10000 MOBIL-KONSTANT OOO;0;0;10902967;0;(null);(null)
199;M11000 ÿ¿–Ã OOO;0;0;10912570;0;(null);(null)
200;M11001 MERKURIY OOO;0;0;10902971;0;(null);(null)
201;M12300 MAUI JIM SUNGLASSES;0;0;12738343;0;(null);(null)
202;M12346 —“¿–€… Ã¿—“≈– Õ¬ ŒŒŒ;10924116;10924116;10969454;I_SUP076;(null);(null)
203;M20001 ÃŒ¡¿…À ›Õ≈–ƒ∆»;0;0;11002275;0;(null);(null)
205;M21345 MD GOURMEX LTD;10907578;10907578;11641982;O_SUP556;(null);(null)
206;M23222 MORGAN & OATES;10923916;10923916;15981670;0;(null);(null)
208;M57700 MGI LUXURY GROUP S.A.;0;0;15954362;0;(null);(null)
209;M66666 MAJORICA DP;0;0;10902973;0;(null);(null)
211;M89765 MORELLATO;0;0;15971536;0;(null);(null)
212;M98765 MEXX - ≈ƒ»Õ¿ﬂ ≈¬–Œœ¿;0;0;14008127;0;(null);(null)
213;MA8888 Ã»Õ»”Ã ¿–“  ŒÀÀ;45125188;45125188;16223577;0;(null);(null)
214;MJ33330 MARC JACOBS - ≈ƒ»Õ¿ﬂ ≈¬–Œœ¿;0;0;14008126;0;(null);(null)
216;MR32654 MARCEL ROBERT;0;0;16222219;0;(null);(null)
217;N00001 NOVAYA ZARYA;0;0;10902974;0;(null);(null)
218;N10001 NATURAL PRODUCTS ZAO;0;0;10902975;0;(null);(null)
219;N11111 NICLAS AG;0;0;10902976;0;(null);(null)
220;N11133 Õ¿¡Œ–€ œ¿–‘ﬁÃ≈–»» »  Œ—Ã≈“» »;0;0;12310664;0;(null);(null)
221;N12345 Õ¿—À≈ƒ»≈;0;0;13053302;0;(null);(null)
222;N22222 NINA RICCI COUTURE DP RBN;0;0;10909574;0;(null);(null)
223;NAVI;0;0;15967978;0;(null);(null)
224;O00001 ARMAGON OOO;0;0;10902977;0;(null);(null)
225;O10000 Œƒ»Õ÷Œ¬— ¿ﬂ  ŒÕƒ»“≈–— ¿ﬂ ‘¿¡–» ¿ OOO;0;0;11138584;0;(null);(null)
226;O11000 OST-ALCO;0;0;10902978;0;(null);(null)
227;O11111 OCEAN+;0;0;10902979;0;(null);(null)
228;OE5555 «¿Œ Œ–»≈Õ“¿À › —œ–≈——;0;0;16222989;0;(null);(null)
230;OLD PARFUME;0;0;12266153;0;(null);(null)
231;OLD_PLU;0;0;15968014;0;(null);(null)
232;P&G____;0;0;16223607;0;(null);(null)
233;P000005 ŒŒŒ œ–Œ¬¿Õ—;45124728;45124728;16223407;0;(null);(null)
234;P01997 LA PRAIRIE;10907524;10907524;16223685;O_SUP158;(null);(null)
235;P05321 PACO RABANNE PUIG;10907525;10907525;16157273;0;(null);(null)
236;P10000 PEPSICO HOLDINGS OOO;0;0;10902982;0;(null);(null)
237;P10000 PRADA PUIG;10907328;10907328;16157277;0;(null);(null)
238;P10001 PIVNOY DOM;0;0;10902983;0;(null);(null)
240;P12333 PORTOLANO;0;0;11713782;0;(null);(null)
241;P12345 POLICE TIME;0;0;10902984;0;(null);(null)
242;P17001 ORCHID ZAO;0;0;10902985;0;(null);(null)
248;PARFUME SALE;0;0;15317860;0;(null);(null)
249;PM12399 PARRIS MONTE CARLO (À¿ ÿ≈–»);0;0;16223663;0;(null);(null)
250;PM44450 PERRIS MONTE CARLO INTERLUX 2;45125275;45125275;16223623;0;(null);(null)
251;PR200002 œ–Œ√–≈——-œÀﬁ— ŒŒŒ;0;0;12428766;0;(null);(null)
252;PUIG;10971322;10971322;16157331;0;(null);(null)
253;PW55555 POLICE TIME WATCH;0;0;15059512;0;(null);(null)
254;R00002 –”—¿√–Œ“Œ–√ ÃŒ— ¬¿;0;0;10902987;0;(null);(null)
255;R10001 RARITET OOO;0;0;10902990;0;(null);(null)
256;R10010 RAYSTAR OOO;0;0;10902991;0;(null);(null)
258;R11111 LEKERY OOO;0;0;10902994;0;(null);(null)
259;R12345 RATTI COLLECTION;0;0;10910007;0;(null);(null)
261;R25255 –Œ“Œ– ’¿”—;0;0;11696609;0;(null);(null)
263;R888888 –”—“ »Õ Œ–œŒ–›…“≈ƒ;45120595;45120595;11390230;I_SUP002;(null);(null)
264;S00001 SOI-2;0;0;10902996;0;(null);(null)
265;S00002 NIAGARA FUDS;0;0;10902997;0;(null);(null)
266;S00003 SLIMSITY OOO;0;0;10902998;0;(null);(null)
267;S00004 —œŒ–“À¿…Õ OOO;0;0;11164767;0;(null);(null)
268;S01607 SHISEIDO;0;0;16223584;0;(null);(null)
269;S02000 SHARK-2000;0;0;10903000;0;(null);(null)
271;S10000 SONYA RYKIEL;10907470;10907470;16223229;0;(null);(null)
272;S10100 STOLWERCK FAIN CHOCOLATE;0;0;10903004;0;(null);(null)
276;S10500 ŒŒŒ —¿ — »√–”ÿ »;45123641;45123641;16222994;I_SUP105;(null);(null)
277;S11111 SILHOUETTE INTERNATIONAL;0;0;10903006;(null);(null);(null)
278;S120000 ALMEIRA OOO;0;0;10903007;0;(null);(null)
280;S20001 MAGARACH 000;0;0;10903008;0;(null);(null)
282;S54321 SISLEY;0;0;15968003;0;(null);(null)
283;S60006 SELDICO FENDI;0;0;15116112;0;(null);(null)
285;S67891 SHAIKH ESTERK;45124013;45124013;16222987;0;(null);(null)
286;S88888 SKAGEN;0;0;13672185;0;(null);(null)
287;S97531 »œ —¿ÃŒƒ”–Œ¬— »…;0;0;16223030;0;(null);(null)
289;SC15151 SCHLEICH;0;0;15357423;0;(null);(null)
290;SCORPIO DISTR GROUP;0;0;15205850;0;(null);(null)
291;SELDICO GROUP;0;0;13978108;0;(null);(null)
292;SG55510 SILLAGE INTERLUX 2;45125273;45125273;16223621;0;(null);(null)
293;SHUAR OOO;0;0;10902999;0;(null);(null)
295;SONYA RYKIEL;45120761;45120761;16223228;0;(null);(null)
296;SP88820 —“ŒÀ»◊Õ€≈ œŒ—“¿¬ » ŒŒŒ;45124442;45124442;16223343;I_SUP396;(null);(null)
297;SUPPLIERS 01 (LIQUORS / MINIATURES);0;0;16054718;0;(null);(null)
298;SUPPLIERS 02 (TOBACCO);0;0;16150362;(null);(null);(null)
299;SUPPLIERS 03 (PERFUMERY & COSMETICS);0;0;16054609;(null);(null);(null)
300;SUPPLIERS 04 (ELECTRONICS);0;0;16054684;(null);(null);(null)
301;SUPPLIERS 05 (FASHION/ACCESSORIES);0;0;16054681;0;(null);(null)
302;SUPPLIERS 06 (CONFECTIONARY);0;0;16054682;(null);(null);(null)
303;SUPPLIERS 07 (JEWELLERY);0;0;16054713;(null);(null);(null)
304;SUPPLIERS 08 (GLASS / CHINA);0;0;16150363;(null);(null);(null)
305;SUPPLIERS 09 (SOUVENIRS / MUSIC);0;0;16054705;0;(null);(null)
306;SUPPLIERS 10 (DELICATESSEN);0;0;16150364;(null);(null);(null)
307;SUPPLIERS 11 (SUNGLASSES);0;0;16150365;(null);(null);(null)
308;SUPPLIERS 12 (WATCHES);0;0;16054717;(null);(null);(null)
309;SUPPLIERS 14 (TOYS / TRAVEL);0;0;16054683;0;(null);(null)
310;SUPPLIERS 17 (»–À¿Õƒ— »… ¡¿–);0;0;16150151;0;(null);(null)
311;SZ4444 —À¿¬¿ «¿…÷≈¬ À¿ ÿ≈–»;0;0;16223504;0;(null);(null)
312;T00001 “”–ÕŒ OOO;0;0;10903009;0;(null);(null)
313;T00003 TRIANON-SERVICE;0;0;10903011;0;(null);(null)
314;T00005 TOYDICO;0;0;10903012;0;(null);(null)
315;T00010 Ã¿∆≈—“» -»Ãœ› — ŒŒŒ;0;0;10903013;0;(null);(null)
316;T10039 TISSOT DP;0;0;10903016;0;(null);(null)
317;T10045 TRAVEL RETAIL INNOVATIONS;10907232;10907232;15876813;0;(null);(null)
318;T11000 “–›Õƒ  ŒÀÀ› ÿÕ ŒŒŒ;0;0;10913973;0;(null);(null)
319;T11115 TIME DESIGN;0;0;15205852;0;(null);(null)
320;T33223 TEXIER DP EURO;0;0;10903018;0;(null);(null)
322;T55567 TIMELESS LUXERY PRODUCTS;26048125;26048125;16064637;0;(null);(null)
323;T7000025 “Œ–√—≈–¬»— ’’I ¬≈  OOO;0;0;11305401;0;(null);(null)
324;T77715 “Ã’‘ √–”œœ;0;0;15082379;0;(null);(null)
325;T98765  –≈ÃÀ≈¬— »… “ƒ;0;0;16222223;0;(null);(null)
328;U00002 ﬁÕ»“Œ…—-Ã OOO;0;0;11116675;0;(null);(null)
329;U00388 ŒŒŒ ‘»–Ã¿ ”Õ»“–ŒÕ;45123208;45123208;16223410;I_SUP388;(null);(null)
330;U10000 URVEST OOO;0;0;10903020;0;(null);(null)
331;U20000 ﬁ¬≈À»–“Œ–√ OOO;0;0;11027029;0;(null);(null)
332;U99999 U-TOYS;0;0;12067708;0;(null);(null)
334;V0000004 ¬»Õ› —»Ã ŒŒŒ;0;0;12609408;0;(null);(null)
335;V00001 VAGR OOO;0;0;10903021;0;(null);(null)
337;V01000 VK OOO;0;0;10903024;0;(null);(null)
339;V50170 ŒŒŒ ¬¿À≈Õ—»ﬂ › —œ–≈——;0;0;16223643;I_SUP403;(null);(null)
341;VE2333 VERSUS;42578065;42578065;16143158;0;(null);(null)
342;VH10001 ¬’ »ÃœŒ–“  ¿Ãœ¿Õ»;0;0;11688590;0;(null);(null)
346;Y10010 CALVIN KLEIN;0;0;16223579;0;(null);(null)
347;Y12300 YSL BEAUTY;0;0;11728831;0;(null);(null)
348;Y12345 ﬂÕ“¿–Õ¿ﬂ √–Œ«ƒ‹ ŒŒŒ;0;0;11446617;0;(null);(null)
349;Z0000234 —Õ— «≈À≈ÕŒ√–¿ƒ;0;0;11421651;0;(null);(null)
350;¿›–ŒÃ¿–;0;0;10971588;0;(null);(null)
351;¡»¡» ŒÃ;0;0;16164141;0;(null);(null)
352;¬» “Œ–»ﬂ;0;0;16222764;0;(null);(null)
354;«¿Œ ¿›–Œ‘≈–—“;36919163;36919163;15598539;I_SUP366;(null);(null)
355;À≈ ŒÕ“;0;0;16222277;0;(null);(null)
356;Ã16789 ŒŒŒ Ãﬂ√ »… Ã»–;0;0;14125565;0;(null);(null)
357;Œ¡—»ƒ»¿Õ“;45124631;45124631;16223551;0;(null);(null)
358;ŒŒŒ À¿ ÿ≈–» ¬Œ–Àƒ;45125408;45125408;16223661;0;(null);(null)
359;–»ÿ›—;0;0;15233557;0;(null);(null)
360;—00395 ŒŒŒ —-“–≈…ƒ;45124258;45124258;16223236;0;(null);(null)
361;—12345 ŒŒŒ ‘»–Ã¿ —“¿Õ¡≈¬;0;0;15922984;I_SUP139;(null);(null)
362;—œ≈÷. ŒÕ—»√Õ¿÷»ﬂ;0;0;16222628;0;(null);(null)
363;—“¿–€≈ œŒ—“¿¬Ÿ» »;0;0;15660793;0;(null);(null)
364;“¡Õ “¿…Ã - ƒ»—“–»¡”÷»ﬂ;0;0;15946226;0;(null);(null)
365;“Ã’‘;0;0;15115887;0;(null);(null)
366;”ƒ¿À≈ÕÕ€… Œ‘»—;0;0;9662694;0;(null);(null)
367;PR 123366 PREMIER PORTFOLIO;0;0;12489786;0;(null);(null)
368;AM10001 A.MARTINI –»ÿ›—;0;0;15233565;0;(null);(null)
369;AE3333 AEGNA;0;0;16222218;0;(null);(null)
370;AP 12345 AGENT PROVOCATEUR-≈ƒ»Õ¿ﬂ ≈¬–Œœ¿;0;0;15640999;0;(null);(null)
372;P80000 ARMANI;0;0;14877523;(null);(null);(null)
373;AAT00001 ART ALIANCE TRADING;0;0;16222230;0;(null);(null)
374;B23456 BALDESSARINI -≈ƒ»Õ¿ﬂ ≈¬–Œœ¿;0;0;14030123;0;(null);(null)
375;B99999 BIOTHERM SKY;0;0;13672106;0;(null);(null)
376;B56789 BOBBY BROWN;0;0;15980829;0;(null);(null)
377;B00002 BONA CONFECTIONARY ZAO;0;0;10902898;0;(null);(null)
378;B34567 BOSS - ≈ƒ»Õ¿ﬂ ≈¬–Œœ¿;0;0;14008004;0;(null);(null)
379;B87452 BRIC'S;42521079;42521079;16150193;0;(null);(null)
380;BR00005 BROSWAY;0;0;15979121;0;(null);(null)
381;B13578 BVLGARY - ≈ƒ»Õ¿ﬂ ≈¬–Œœ¿;0;0;14008192;0;(null);(null)
382;CH12345 C.HERRERA - ≈ƒ»Õ¿ﬂ ≈¬–Œœ¿;0;0;14008006;0;(null);(null)
383;C34678 CALVIN KLEIN - ≈ƒ»Õ¿ﬂ ≈¬–Œœ¿;0;0;14008005;0;(null);(null)
385;CE32100 CERRUTI - ≈ƒ»Õ¿ﬂ ≈¬–Œœ¿;0;0;15012418;0;(null);(null)
386;C54320 CHLOE - ≈ƒ»Õ¿ﬂ ≈¬–Œœ¿;0;0;14008007;0;(null);(null)
387;CO2222 CODELLO;0;0;16145612;0;(null);(null)
388;—33311 COFFEE BREND DISTRIBUTION;0;0;13527375;0;(null);(null)
389;CC87654 COMME DES GARCONS ≈ƒ»Õ¿ﬂ ≈¬–Œœ¿;0;0;15582048;0;(null);(null)
390;C23456 COTY;0;0;15091267;0;(null);(null)
391;C32165 CURAPROX;0;0;14888364;0;(null);(null)
392;D35678 D&G - ≈ƒ»Õ¿ﬂ ≈¬–Œœ¿;0;0;14008010;0;(null);(null)
393;E16100 DELSEY ELIT BAGS;0;0;16064646;0;(null);(null)
394;DG23456 DOLCE&GABBANA - ≈ƒ»Õ¿ﬂ ≈¬–Œœ¿;0;0;14008124;0;(null);(null)
395;E34567 ESCADA - ≈ƒ»Õ¿ﬂ ≈¬–Œœ¿;0;0;14030159;0;(null);(null)
396;E11115 EUROITALIA DP;0;0;13085509;0;(null);(null)
397;F15666 FERRAGAMO - ≈ƒ»Õ¿ﬂ E¬–Œœ¿;0;0;14008193;0;(null);(null)
398;F55555 FRUITBERRY - ≈ƒ»Õ¿ﬂ ≈¬–Œœ¿;0;0;15263234;0;(null);(null)
399;E17100 GIORGIO FEDON & FIGLI SPA;0;0;16222237;0;(null);(null)
400;E55552 GIULIETTA CAPULETI EXILITY;0;0;16223569;0;(null);(null)
401;G20304 GUCCI - ≈ƒ»Õ¿ﬂ ≈¬–Œœ¿;0;0;14008125;0;(null);(null)
402;HD98765 HANSE DISTRIBUTION GMBH;0;0;15481552;0;(null);(null)
403;AHK111 HELLO KITTY ARIAL;0;0;16223048;0;(null);(null)
404;HK11111 HELLO KITTY –»ÿ≈—;0;0;15357863;0;(null);(null)
405;I44444 ICE WATCH;0;0;15103684;0;(null);(null)
406;I13567 ICEBERG - ≈ƒ»Õ¿ﬂ ≈¬–Œœ¿;0;0;14875506;0;(null);(null)
407;I33333 INTEL MSK;0;0;16223195;0;(null);(null)
408;JL22222 JACQUES LEMANS;0;0;15098136;0;(null);(null)
409;JB00700 JAMES BOND ≈ƒ»Õ¿ﬂ ≈¬–Œœ¿;0;0;15582039;0;(null);(null)
410;J11154 JUICY COUTURE - ≈ƒ»Õ¿ﬂ ≈¬–Œœ¿;0;0;15439137;0;(null);(null)
411;K55543 K & K;0;0;16222221;0;(null);(null)
412;K30013 KIMMI –»ÿ›—;0;0;15233568;0;(null);(null)
413;K02000 KONDI-2000 OOO;0;0;10902948;0;(null);(null)
414;LC23456 LACOSTE - ≈ƒ»Õ¿ﬂ ≈¬–Œœ¿;0;0;14008246;0;(null);(null)
415;E15200 LAMARTHE ELIT BAGS;0;0;16222207;0;(null);(null)
416;L65655 LANCASTER - ≈ƒ»Õ¿ﬂ ≈¬–Œœ¿;0;0;14116318;0;(null);(null)
417;L0001 LANCOME DP SKY;0;0;11852186;0;(null);(null)
418;MA252000 MAMIX;0;0;14050013;0;(null);(null)
419;C99918 MCG CONSULTANTS;0;0;15401914;0;(null);(null)
420;E55553 MIMMINA FLOWER EXILITY;0;0;16223570;0;(null);(null)
421;M10555 MISAKI V.T.LTD;0;0;10902970;0;(null);(null)
422;M56789 MOSCHINO - ≈ƒ»Õ¿ﬂ ≈¬–Œœ¿;0;0;14008128;0;(null);(null)
423;NR12345 NINA RICCI - ≈ƒ»Õ¿ﬂ ≈¬–Œœ¿;0;0;14008129;0;(null);(null)
424;PR23334 PACO RABANNE - ≈ƒ»Õ¿ﬂ ≈¬–Œœ¿;0;0;14008262;0;(null);(null)
425;P52011 PANASONIC MARKETING CIS OY;0;0;15979893;0;(null);(null)
426;PA55555 PARKER;0;0;15407860;0;(null);(null)
427;O10004 PHILIPS DAP DIVISION;10907523;10907523;16222231;0;(null);(null)
428;P66651 PRADA - ≈ƒ»Õ¿ﬂ ≈¬–Œœ¿;0;0;14382789;0;(null);(null)
429;PT23456 PT SWITZELAND;0;0;15971533;0;(null);(null)
430;P88888 PUIG SKY;0;0;15975548;0;(null);(null)
431;IRISHBAR DP;0;0;10971587;0;(null);(null)
432;R11133 RICH ¬» “Œ–»ﬂ;0;0;16222765;0;(null);(null)
433;RC12345 ROBERTO CAVALLI - ≈ƒ»Õ¿ﬂ ≈¬–Œœ¿;0;0;15439549;0;(null);(null)
434;R99999 ROSALKO-NEVA ZAO;23815698;23815698;13698064;0;(null);(null)
435;S13579 SAG TRADING LLC;0;0;15964075;0;(null);(null)
436;SH33333_SCHCHARD&FRIESE;0;0;16223050;0;(null);(null)
437;S10333 SCORPIO TRAVEL RETAIL;0;0;11450576;0;(null);(null)
438;S88888 SEEBERGER;0;0;16222282;0;(null);(null)
439;S50005 SELDICO DIOR;0;0;13978112;0;(null);(null)
440;S20002 SELDICO GIVENCHY;0;0;13978109;0;(null);(null)
441;S30003 SELDICO GUERLAIN;0;0;13978110;0;(null);(null)
442;S40004 SELDICO KENZO;0;0;13978111;0;(null);(null)
443;S10001 SELDICO OLD;0;0;10903002;0;(null);(null)
444;S99999 STETSON;0;0;16222281;0;(null);(null)
445;TK11511 TBN KENNETH COLE;0;0;16223333;0;(null);(null)
446;TA11511 TBN TIME(AEROWATCH);0;0;15946228;0;(null);(null)
447;TG11511 TBN TIME(GALLIANO);0;0;15946229;0;(null);(null)
448;TJ11511 TBN TIME(JOHN GALLIANO);0;0;15946230;0;(null);(null)
449;T22299 TBN TIME(MOSCHINO);0;0;14115684;0;(null);(null)
450;TS11511 TBN TIME(SEIKO);0;0;15946227;0;(null);(null)
451;T76543 TINTAMAR;0;0;14832865;0;(null);(null)
452;E55546 TORRE EXILITI;0;0;16165067;0;(null);(null)
453;T4512SK TOSCOW;0;0;15975543;0;(null);(null)
454;V54321 VALENTINO - ≈ƒ»Õ¿ﬂ ≈¬–Œœ¿;0;0;14344790;0;(null);(null)
455;V32100 VERSACE - ≈ƒ»Õ¿ﬂ ≈¬–Œœ¿;0;0;14008191;0;(null);(null)
456;WA55555 WATERMAN;0;0;15407861;0;(null);(null)
457;W22222 WHTEHOUSE LEISURE LLP;0;0;14867976;0;(null);(null)
458;AL55544 ¿À‹ “–≈…ƒ;0;0;16223429;I_SUP399;(null);(null)
459;AB55555 ¿–“ ¡¿«¿–;0;0;15347108;0;(null);(null)
460;M33000 ¿—-Ã¿– ≈“;0;0;13441619;0;(null);(null)
461;A23456 ¿—“-»Õ“≈–Õ›ÿÕÀ OOO;0;0;11269170;I_SUP003;(null);(null)
462;B55555 ¡≈Õ≈‘»“;0;0;16222627;0;(null);(null)
463;B1212345 ¡»√ “–›…ƒ ŒŒŒ;0;0;13534474;0;(null);(null)
464;V37000 ¬¿ÿ≈–ŒÕ “Œ–√Œ¬€… ¿À‹ﬂÕ— ŒŒŒ;0;0;16064642;0;(null);(null)
465;V55545 ¬≈Õ— »… › —œ–≈——  ¿‘≈;0;0;15953951;0;(null);(null)
466;SP12345 ¬€¡Œ– OOO;0;0;11418709;0;(null);(null)
467;E22222 ≈¬–¿«»ﬂ;0;0;16223503;0;(null);(null)
468;E10000 ≈ƒ»Õ¿ﬂ ≈¬–Œœ¿ ’ŒÀƒ»Õ√;0;0;10912753;I_SUP123;(null);(null)
469;C11110  Œ ¿- ŒÀ¿ ›…◊¡»—» ≈¬–¿«»ﬂ;0;0;10902911;I_SUP071;(null);(null)
470;A3400000  ŒÕ—“¿Õ“»ÕŒœŒÀ‹— ¿ﬂ;0;0;12708724;0;(null);(null)
471;LG00037 À¿ ÿ≈–» √–”œœ;0;0;16223041;0;(null);(null)
472;KM100000 Ã≈ƒ≈ﬂ;0;0;15601787;0;(null);(null)
473;M44499 Ã≈–»ƒ»¿Õ “–≈…ƒ»Õ√;0;0;13539670;0;(null);(null)
474;MIL1234 Ã»À¿–;0;0;15946888;0;(null);(null)
475;NL654321 Õ≈ —»“ ÀŒ√»—“»  OOO;0;0;16064071;I_SUP369;(null);(null)
476;V12345 ŒŒŒ “œ  ´¬»ÀŒÕª;0;0;16037549;I_SUP080;(null);(null)
480;U10022 ŒŒŒ ”–≈Õ’ŒÀ‹“;0;0;13070299;I_SUP255;(null);(null)
481;A55555 ŒŒŒ  ŒÃœ¿Õ»ﬂ ¿ÀÀ»√¿“Œ–;0;0;16223425;I_SUP115;(null);(null)
482;H44525 ŒŒŒ ’Œ–≈ ¿ “–≈…ƒ—≈–¬»—;0;0;15904373;I_SUP300;(null);(null)
483;OP65433 Œœ“»Ã¿ œÀﬁ—;0;0;16222683;0;(null);(null)
484;O33456 Œœ“»Ã¿“Œ–√ OOO;0;0;16064069;I_SUP147;(null);(null)
485;U00001 œŒƒ¿–Œ◊Õ€… “≈ —“»À‹;0;0;10903019;0;(null);(null)
486;R00368 –≈ — “–≈…ƒ»Õ√ Œ¿Œ;0;0;16064643;0;(null);(null)
487;C00002 —-2 ‘»–Ã¿ OOO;0;0;11076376;0;(null);(null)
488;C00005 —¬  “ƒ «¿Œ;0;0;11041678;0;(null);(null)
489;A75444 —“ŒÀ»◊Õ€… ﬁ¬≈À»–Õ€… «¿¬Œƒ;0;0;16038988;0;(null);(null)
490;I54444 “  »Õ“≈À “–≈…ƒ;0;0;12584095;0;(null);(null)
491;S.A.S. SONIA RYKIEL C. D. M;45124999;45124999;0;0;(null);(null)
492;A.R.I.;36939811;36939811;0;0;(null);(null)
493;A.R.I. OLD;10907183;10907183;0;0;(null);(null)
494;A10012 ALFRED DUNHILL GMBH;10924100;10924100;0;0;(null);(null)
495;A10016 ALFA-ALYANCE;10924088;10924088;0;0;(null);(null)
496;A10018 ALFRED DUNHILL P&G;10907286;10907286;0;0;(null);(null)
497;A10025 ALMAX;10924078;10924078;0;0;(null);(null)
498;A10044 GLOBAL PROMOTIONAL SE;10907288;10907288;0;0;(null);(null)
499;A10060 ABSOLUT CO;10907435;10907435;0;0;(null);(null)
500;A10067 ART ALIANCE;10907241;10907241;0;0;(null);(null)
501;A10067+ ART ALIANCE PLUS;10907342;10907342;0;0;(null);(null)
502;A10068+ ART ALIANCE RBN;10907343;10907343;0;0;(null);(null)
503;A10073 TIGER ELECTRONICS USD;10907546;10907546;0;0;(null);(null)
504;A10076 ART-BOOKS LTD;10907242;10907242;0;0;(null);(null)
505;A10076+ ART-BOOKS RBL;14278728;14278728;0;0;(null);(null)
506;A10080 AMKA OY/AB;10924110;10924110;0;0;(null);(null)
507;A10096 RUSSIAN SPIRIT GROUP;10907344;10907344;0;0;(null);(null)
508;A10118 INFIFON B.V.;10907184;10907184;0;0;(null);(null)
509;A10122 ARI-SHANNON EURO;10907436;10907436;0;0;(null);(null)
510;A10200 AGROSECO;10924115;10924115;0;0;(null);(null)
511;A11100 ARCOROS;10907289;10907289;0;0;(null);(null)
512;A11112 ART-BOOKS;10907345;10907345;0;0;(null);(null)
513;A12224 FINLANDIA VODKA - BF;10907437;10907437;0;0;(null);(null)
514;A13970 ARK BELUGA OOO;37248649;37248649;0;0;(null);(null)
515;A20008 ANTICA MURRINA SKY;10917382;10917382;0;0;(null);(null)
516;A21234 AST;22341022;22341022;0;0;(null);(null)
517;A33366 ALKOMIR OOO;10907290;10907290;0;0;(null);(null)
518;A33880 ALD INT FASHION;10924112;10924112;0;0;(null);(null)
519;A55516 ARTISAN ESTERK;21453663;21453663;0;0;(null);(null)
520;A99996 ALMAZJEWELIR EXPORT;10924080;10924080;0;0;(null);(null)
521;AB1111+ ABBYY;15182376;15182376;0;0;(null);(null)
522;AEROFIRST;10924118;10924118;0;0;(null);(null)
523;AEROMAR;10924082;10924082;0;0;(null);(null)
524;AEROMAR_RBN;10907439;10907439;0;0;(null);(null)
525;AL45115 ALOKOZAY F2E;10931266;10931266;0;0;(null);(null)
526;AL88888 MASTER SERVICE COMPANY;33547545;33547545;0;0;(null);(null)
527;ART ALLIANCE DELUX LTD;42829361;42829361;0;(null);(null);(null)
528;AS23456 THE ART OF SHAVING;31862246;31862246;0;0;(null);(null)
529;B10001 BARAKA JEW - GENERLUX;10907346;10907346;0;0;(null);(null)
530;B10003 BREADWINNERS;10924077;10924077;0;0;(null);(null)
531;B10018 DEL BURBERRYS;10907347;10907347;0;0;(null);(null)
532;B10041 BRAUN;10907294;10907294;0;0;(null);(null)
533;B10055 BARDINET SA;10907348;10907348;0;0;(null);(null)
534;B10062 BAUME & MERCIER SA;10907244;10907244;0;0;(null);(null)
535;B10080 BLAVOD DRINKS LTD;10907547;10907547;0;0;(null);(null)
536;B10081 BORIE-MANOUX WINES;10907388;10907388;0;O_SUP488;(null);(null)
537;B11111 TORGSERVICE XXI BABAEVSKOE;10907441;10907441;0;I_SUP183;(null);(null)
538;B11115 BALMAIN WATCH;10907185;10907185;0;0;(null);(null)
540;B12345 BALMAIN;10907389;10907389;0;0;(null);(null)
541;B123456 BOLS SP.Z.O.O;23217598;23217598;0;0;(null);(null)
543;B20100 BARAKA WATCH;10923965;10923965;0;0;(null);(null)
544;B25600 BEVERAGES & TRADING;10907550;10907550;0;0;(null);(null)
545;B55533 BOTTEGA;45125360;45125360;0;0;(null);(null)
546;B55545 BRONCES E.TORTOSA;10907551;10907551;0;0;(null);(null)
547;B66650 BOUCHERON PBI;22567051;22567051;0;0;(null);(null)
548;B68701 BACARDI GMBH;11381585;11381585;0;0;(null);(null)
550;BD12345 BREITLING/DARROW GROUP;10907390;10907390;0;0;(null);(null)
551;BJ12345 BJ FITZPATRICK & CO;10907245;10907245;0;0;(null);(null)
552;BV10020 BOTTEGA VENETA COTY;45125243;45125243;0;0;(null);(null)
553;BV12399 BVLGARY;28479158;28479158;0;0;(null);(null)
554;C00011 CENTROPEL;10907349;10907349;0;0;(null);(null)
555;C02376 DAVID CAMPARI;10907350;10907350;0;0;(null);(null)
556;C100006 CARAN D'ARCHE;10907352;10907352;0;0;(null);(null)
557;C10002 CARTIER INT YSL PRODUCTS;10924098;10924098;0;0;(null);(null)
558;C10014 CRABTREE & EVELYN;10907246;10907246;0;0;(null);(null)
559;C10033 CLARINS EXPORT DIVISION;10907489;10907489;15418168;0;(null);(null)
560;C10035 CHATEAU DE COGNAC;10907186;10907186;0;0;(null);(null)
561;C10036 CLARINS AZZARO;10907297;10907297;0;0;(null);(null)
562;C10037 CLARINS THIERRY MUGLER;10907187;10907187;0;0;(null);(null)
563;C10039 CLARINS PORSCHE DESIGN;20842771;20842771;0;0;(null);(null)
564;C10052 CHANEL SKY;10907553;10907553;0;0;(null);(null)
565;C10061 CHAMBORD;10923866;10923866;0;0;(null);(null)
566;C10063 COGNAC FRAPIN;10907554;10907554;0;0;(null);(null)
567;C10070 COCA-COLA REFRESHMENT;10907490;10907490;0;0;(null);(null)
568;C10085 CHRONOLUX SA CHOPARD;10907188;10907188;0;0;(null);(null)
569;C10260 CANON EURO;10907491;10907491;0;0;(null);(null)
570;C11123 CARRERA WATCHES;10907392;10907392;0;0;(null);(null)
571;C31803 CHRISTIAN DIOR SKY;10907298;10907298;0;0;(null);(null)
572;C33343 CASIO ELECTR USD;10907247;10907247;0;0;(null);(null)
573;C44434 CASIO ELECTR EURO;11072291;11072291;0;0;(null);(null)
574;C54321 CASIO WATCHES;11062438;11062438;0;0;(null);(null)
575;C60708 L CONNAUGHTON & SON;10907447;10907447;11092582;0;(null);(null)
576;C77708 CIRCUS;20723886;20723886;0;0;(null);(null)
577;C87452 A.T.CROSS LTD;10907448;10907448;0;0;(null);(null)
578;C99989 CONNECT INT LTD;10907248;10907248;0;0;(null);(null)
579;CA12345 CORPORATE AGENCIES LIMITED;38464910;38464910;0;0;(null);(null)
580;CE17332 CENTAUR TRAVEL RETAIL;10907555;10907555;0;0;(null);(null)
581;CK1234 CALVIN KLEIN WATCHES;10907493;10907493;0;O_SUP101;(null);(null)
582;CLARINS GROUP;12153978;12153978;0;O_SUP088;(null);(null)
583;CLINIQUE GROUP;12153976;12153976;0;0;(null);(null)
584;COTY GROUP;12153979;12153979;0;0;(null);(null)
585;CS12345 CASIO WATCHES;10907249;10907249;0;0;(null);(null)
586;D0001 DISTILLERIA BOTTEGA;10907190;10907190;0;0;(null);(null)
587;D00235 DEBRISE DULAC;26043240;26043240;0;0;(null);(null)
588;D10003 DAVIDOFF INTERNATIONAL;10907250;10907250;0;(null);(null);(null)
589;D10026 DOMAINE LAROCHE;10923873;10923873;0;0;(null);(null)
590;D10029 DURACELL BATTERIES NV;10907449;10907449;0;0;(null);(null)
591;D10054 V.D BAUWEDE DARROW;10907354;10907354;0;0;(null);(null)
592;D10055 JEAN MARCEL DARROW GR;10907494;10907494;0;0;(null);(null)
593;D10056 FIDIA GIOIELLI S.P.A;10907450;10907450;0;0;(null);(null)
594;D10057 FIORELLA GIOELLI;10907299;10907299;0;0;(null);(null)
595;D10059 UNOAERRE;10907191;10907191;0;0;(null);(null)
596;D10150 DARROW GROUP LTD;10907451;10907451;0;0;(null);(null)
597;D11153 MAGERIT DARROW EURO;10907452;10907452;0;0;(null);(null)
598;D11157 FIORELLA GIOELLI EURO;10907251;10907251;0;0;(null);(null)
599;D12321 DUBEY & SCHALDENBRAND;10907252;10907252;0;0;(null);(null)
600;D12345 DARROW GROUP SUNGL;10924117;10924117;0;0;(null);(null)
601;D33000 DISPLAY DESIGN COMPANY;23281023;23281023;0;0;(null);(null)
602;D33333 DNK OOO;10907453;10907453;0;0;(null);(null)
603;D34567 DOLCE & GABBANA;10907355;10907355;0;0;(null);(null)
604;D55555 DILAN JSC;10907192;10907192;0;0;(null);(null)
605;D55570 DRIMLEKS;24814839;24814839;0;0;(null);(null)
606;D56007 DELSEY;10907454;10907454;0;0;(null);(null)
607;D65432 DMD GOLD COLLECTION;10907193;10907193;0;0;(null);(null)
608;D66661 EVRASIA OOO;10907495;10907495;0;0;(null);(null)
609;D99979 AMBASSADORS CHOICE;10924106;10924106;0;0;(null);(null)
610;D99980 DRAMBUIE LIQUER CO;10907195;10907195;0;0;(null);(null)
611;D99989 DUTY FREE SERVICES;10907301;10907301;0;0;(null);(null)
612;DF0000 DUTY FREE;31966571;31966571;0;0;(null);(null)
613;DK14775 DKNY WATCHES SKY;10907357;10907357;0;0;(null);(null)
614;DUTY FREE SHOP - SHANNON;10907197;10907197;0;0;(null);(null)
615;E10023 ESCADA SKY;10907253;10907253;0;0;(null);(null)
616;E10038 ETUD UNION OF ARTISTS;10907496;10907496;0;0;(null);(null)
617;E10050 ESSE;10907497;10907497;0;0;(null);(null)
618;E11011 ESTERK LUX PARFUME;10907455;10907455;0;0;(null);(null)
619;E14281 ESPERANTO VIN OOO;25958784;25958784;0;0;(null);(null)
620;E18515 EUROITALIA SKY;10921244;10921244;0;0;(null);(null)
621;E25700 ERGODATA;10907498;10907498;0;0;(null);(null)
622;E33962 HUGO BOSS PARFUMS SKY EURO;10907302;10907302;0;0;(null);(null)
623;E33967 BALDESSARINI P&G;11012333;11012333;0;0;(null);(null)
624;E88898 ECTACO;10907198;10907198;0;0;(null);(null)
625;E88899 ECTACO SKY;10907303;10907303;0;0;(null);(null)
626;EMBORG EMBORG AO RBN;10907360;10907360;0;0;(null);(null)
627;EMBORG USD;10907256;10907256;0;0;(null);(null)
628;ESTERK PARFUM ŒŒŒ;41947843;41947843;0;0;(null);(null)
629;EUROITALIA;20809920;20809920;0;O_SUP124;(null);(null)
630;EV16775 EVRASERVIS OOO;11143601;11143601;0;0;(null);(null)
631;F10017 DEL FASHION FLO LTD;10907393;10907393;0;0;(null);(null)
632;F11110 FREDERIQUE CONSTANT;10907500;10907500;0;O_SUP219;(null);(null)
633;F11123 FANAGORIYA TD;10907501;10907501;0;0;(null);(null)
634;F12222 FOSTERS;10907257;10907257;0;0;(null);(null)
635;F12345 FOSSIL;10907304;10907304;0;0;(null);(null)
636;F33311 FREY WILLE;10907558;10907558;14108649;0;(null);(null)
637;F33312 M.FREY WILLE FASHION;11104974;11104974;0;0;(null);(null)
640;F88999 FURLA;11012386;11012386;0;0;(null);(null)
641;FER123 FERRERO TRADING LUX;25873704;25873704;0;O_SUP438;(null);(null)
642;FF33551 FOLLI-FOLLIE WATCHES;10907394;10907394;0;0;(null);(null)
643;G10002 GIVENCHY COUTURE EURO;10907502;10907502;0;0;(null);(null)
644;G10004 DEL GIVENCHY FFR;10923865;10923865;0;0;(null);(null)
645;G10016 GUESS - IBB B.V.;10907503;10907503;10902937;O_SUP191;(null);(null)
646;G10036 GODIVA S.A. BELGIUM;10907559;10907559;15981116;O_SUP439;(null);(null)
647;G10037 GUYLIAN NV/SA;10907258;10907258;0;0;(null);(null)
648;G10044 GOLDMAJOR LTD;10907561;10907561;0;0;(null);(null)
650;G11100 GK GROSS OOO;10907361;10907361;0;0;(null);(null)
651;G11111+ GALEREYA BLAGOLEPIYA;15106113;15106113;0;0;(null);(null)
652;G122333 GROSSE JEW SKY;10907306;10907306;0;0;(null);(null)
653;G19253 GROSSE UK LTD;10907201;10907201;0;0;(null);(null)
654;G29001 GRADIENT;10969784;10969784;0;0;(null);(null)
655;G33315 ANNICK GOUTAL ESTERK;21453622;21453622;0;0;(null);(null)
656;G333666 GOLDKENN;11139624;11139624;0;0;(null);(null)
657;G55545 GENERLUX TRADING SA;10907259;10907259;0;0;(null);(null)
658;G73611 W.GRANT & SONS;10907202;10907202;0;0;(null);(null)
659;G88898 GLENMORANGE;11106590;11106590;0;0;(null);(null)
660;G93125 GUERLAIN SKY;10907396;10907396;0;0;(null);(null)
661;G98765 GOURJI ITALY(EURO);35051453;35051453;0;0;(null);(null)
662;GG12345 GOLDEN GRAIL LTD;10907203;10907203;0;0;(null);(null)
663;GREATWELL INVESTMENTS LTD;36940093;36940093;0;0;(null);(null)
664;GU12345 SOCRAFI SERVICES SA;10907362;10907362;0;0;(null);(null)
665;H10001 HUGO BOSS FASHION SKY;10907260;10907260;0;0;(null);(null)
666;H10002 HASBRO HUNGARY LTD;10907261;10907261;0;0;(null);(null)
667;H10018 HARRISON MUSIC IRL;10907307;10907307;0;0;(null);(null)
668;H10023 HENNESSY COGNAC;10907204;10907204;0;0;(null);(null)
669;H10027 HERMES FASHION;10907205;10907205;0;0;(null);(null)
670;H10034 HARRISON VIDEO USD AC;10923892;10923892;0;0;(null);(null)
671;H10052 HERMES SKY;10922001;10922001;0;0;(null);(null)
672;H10053 HERMES PARFUMS;10907206;10907206;0;0;(null);(null)
673;H10055 HARRISON HUNTER;10907308;10907308;0;0;(null);(null)
674;H10063 HARRISON MUSIC USD;10907456;10907456;0;0;(null);(null)
675;H10065 HARRISON MUSIC STG;10923851;10923851;0;0;(null);(null)
676;H10066 DEL MANBOW FINANCE;10907562;10907562;0;0;(null);(null)
677;H22222 HASLACH GMBH;10907563;10907563;0;0;(null);(null)
678;H45812 HAMMER+SOHNE;10907564;10907564;0;0;(null);(null)
679;H50050 T.HILFIGER E.LAUDER;10907363;10907363;0;0;(null);(null)
680;H99999 ED HARDY;15218200;15218200;0;0;(null);(null)
681;I10011 IBB;10907364;10907364;0;0;(null);(null)
682;I10050 IBB UK;10907505;10907505;0;0;(null);(null)
683;I10099 IRAKLIS KALLISTHENIS;10907397;10907397;0;0;(null);(null)
684;I10111 ARTIS ORBIC - IRISH D;10907309;10907309;0;0;(null);(null)
685;I11112 ISA SPA;10907506;10907506;0;0;(null);(null)
686;I23456 ISF INTERNATIONAL SPIRITUS FORUM GMBH;12608284;12608284;0;0;(null);(null)
687;I42782 IRISH DRESDEN;10907310;10907310;0;0;(null);(null)
688;IFD001 IFD LIMITED;22584136;22584136;0;0;(null);(null)
689;IRISHBAR;10907207;10907207;0;I_SUP192;(null);(null)
690;J10027 JACOBS SUCHARD DM ACC;10907311;10907311;0;0;(null);(null)
691;J10029 JANNEAU;10907398;10907398;0;0;(null);(null)
692;J33456 JSL SPEDITION GMBH;10923361;10923361;0;0;(null);(null)
693;J44411 JOHN VARVATOS ESTERK;23830921;23830921;0;0;(null);(null)
694;J78321 JAPAN TOBACCO INT CO;10907565;10907565;0;0;(null);(null)
695;J88833 JOSE CUERVO;45125361;45125361;0;0;(null);(null)
696;J99998 MONDELEZ WORLD TRAVEL RETAIL LLC;10907312;10907312;15861659;0;(null);(null)
697;JF12345 JACQUES FAREL;33687151;33687151;0;0;(null);(null)
698;JFM PREMIUM PRODUCTS SARL;33274098;33274098;0;0;(null);(null)
699;JK34211 JACQUES LEMAN WATCHES;10907366;10907366;0;O_SUP221;(null);(null)
700;JSL SPEDITION;36919351;36919351;0;0;(null);(null)
701;K KARL LAGERFELD;22575125;22575125;0;0;(null);(null)
702;K00001 KOALA WINES;10923930;10923930;0;0;(null);(null)
703;K00002 TRAFALGAR FOODS;10907399;10907399;0;0;(null);(null)
704;K10000 KASKAD OOO;19155871;19155871;0;0;(null);(null)
705;K10028 KENZO PARFUMS;10907313;10907313;15768570;0;(null);(null)
706;K10029 KENZO SKY;10907263;10907263;0;0;(null);(null)
707;K10030 KAZUMIAN BELGIUM BVBA;10907314;10907314;0;0;(null);(null)
708;K10047 KASMET SHASTYE;10907458;10907458;0;0;(null);(null)
709;K11011 KOLBER WATCHES;10907315;10907315;0;0;(null);(null)
710;K12345 KENZO JEW SKY;10907400;10907400;0;0;(null);(null)
711;K15300 KONZERN GROUP SOYUZ;10924091;10924091;0;0;(null);(null)
712;K15300+ KONZERN GROUP SOYUZ;10907209;10907209;0;0;(null);(null)
713;K20330 KAVALLARIS A LTD;10907567;10907567;0;0;(null);(null)
714;K23456 N.R.G. KOLOS CORPORATION OOO;21740298;21740298;0;0;(null);(null)
715;K33355 KORONA OOO;23815605;23815605;0;0;(null);(null)
716;K34567 K KARL LAGERFELD;22573305;22573305;0;0;(null);(null)
717;K35818 KAMCHADAL ZAO;21946809;21946809;0;0;(null);(null)
718;K50050 KONSTANTINOPOLSKAYA;10907367;10907367;0;0;(null);(null)
719;K55543 K&K;24141551;24141551;0;0;(null);(null)
720;K55555 KIPLING EUROPE DIVISION;10907401;10907401;0;O_SUP332;(null);(null)
721;K66666 KONFAEL JCS;10907210;10907210;16223626;0;(null);(null)
722;K99988 NANSECK KRAUS & CO;10907402;10907402;0;0;(null);(null)
723;K99996 ODINTSOVSKAYA COND FABRICA;10907568;10907568;0;0;(null);(null)
724;KL12345 KEEL TOYS;32311264;32311264;0;0;(null);(null)
725;KO22215 KONIC OOO;26194156;26194156;0;0;(null);(null)
726;KZ139 KENZO JEW;10907211;10907211;0;0;(null);(null)
727;KZ6666 KENZO FASHION;11039705;11039705;0;0;(null);(null)
728;L'OREAL;12143309;12143309;0;O_SUP024;(null);(null)
729;L00000 ESTEE LAUDER DKNY SKY;10907212;10907212;0;0;(null);(null)
730;L00002 ESTEE LAUDER CLINIQUE;10907213;10907213;0;0;(null);(null)
731;L00004 MICHAEL KORS E.LAUDER;10923929;10923929;0;0;(null);(null)
732;L00005 ARAMIS E.LAUDER;10907403;10907403;0;0;(null);(null)
733;L00006 MISSONI E.LAUDER;11584055;11584055;0;0;(null);(null)
734;L02057 ARDEN LAGERFELD;10907265;10907265;0;0;(null);(null)
735;L02058 ELIZABETH ARDEN SKY;10907404;10907404;0;0;(null);(null)
736;L10001 LLADRO;10907317;10907317;0;0;(null);(null)
737;L10003 LANVIN EURO;10907368;10907368;0;0;(null);(null)
738;L100050 LA POUYADE;10907569;10907569;0;0;(null);(null)
739;L10007 LONDON PEARL COMPANY;10907510;10907510;0;0;(null);(null)
740;L10030 LA SETA MANTERO;10907511;10907511;10902959;O_SUP423;(null);(null)
742;L10047 LOUIS ROEDERER S.A.;10907214;10907214;0;0;(null);(null)
743;L11112 LULU GUINNESS SKY;10907216;10907216;0;0;(null);(null)
744;L11119 LF CONSALTING LTD;10920039;10920039;0;0;(null);(null)
745;L12000 LIBERTY;10923957;10923957;0;0;(null);(null)
746;L14808 LANCEL SKY;10907408;10907408;0;0;(null);(null)
747;L16872 ESTEE LAUDER PARFUME;10907266;10907266;15982202;0;(null);(null)
748;L16873 ESTEE LAUDER SKY;10907319;10907319;0;0;(null);(null)
749;L20014 LANCASTER SKY;10907570;10907570;0;0;(null);(null)
750;L33312 LEXIIM OOO;32095286;32095286;0;0;(null);(null)
751;L33356 LADOGA;37950582;37950582;0;0;(null);(null)
752;L40433 LONGINES;10907217;10907217;0;0;(null);(null)
753;L55545 LUXOTTICA EURO;10907320;10907320;10902957;0;(null);(null)
754;L70583 LIR CHOCS MARY WHITE;10924096;10924096;0;0;(null);(null)
755;L76543 LANVIN SUNGLASSES;33716588;33716588;0;0;(null);(null)
756;L88888 GRAND CITY OOO;10924079;10924079;0;0;(null);(null)
757;L99989 LEGO OVERSEAS A/S;10907513;10907513;15087679;0;(null);(null)
758;LA55516 LAMY-ALD INT;24329398;24329398;0;0;(null);(null)
759;LES CONTES;40530128;40530128;0;0;(null);(null)
760;LG3333+ LINIYA-GRAFIK ZAO;20251636;20251636;0;0;(null);(null)
761;LL1234 LOLITA LEMPICKA ESTERK;24224617;24224617;0;0;(null);(null)
762;LU124 LUKAS;10907571;10907571;0;0;(null);(null)
763;LVMH;24207805;24207805;0;0;(null);(null)
764;LW20005 LOEWE PERFUMES;29202341;29202341;0;0;(null);(null)
765;M00001 MONT BLANC P&G;10907459;10907459;0;0;(null);(null)
766;M00056 PRICILLA CHAN;10924083;10924083;0;0;(null);(null)
767;M10010 MOBILE ENERGY;10940038;10940038;0;0;(null);(null)
768;M10043 MONT BLANC INT BV;10907460;10907460;0;0;(null);(null)
769;M10045 MEUKOW FELINE COGNAC;10907321;10907321;0;O_SUP500;(null);(null)
770;M10049 MARS HOLLAND;10924084;10924084;15900160;0;(null);(null)
771;M10052 M.BOWMORE SCOTCH WHISKY;10924092;10924092;0;0;(null);(null)
772;M10066 MS HOLDING AMBER;10924085;10924085;0;0;(null);(null)
773;M10066+ MS HOLDING PLUS;10924081;10924081;0;0;(null);(null)
774;M10088 MARNE & CHAMPAGNE DIFFUSION;10924086;10924086;0;O_SUP522;(null);(null)
775;M10092 MEISER CONSULTANCY;10907574;10907574;0;0;(null);(null)
776;M10094 MARKET CONNECTION EURO SKY;10924104;10924104;0;0;(null);(null)
777;M10095 WRIGHT MARKET CONN JEW;10924103;10924103;0;0;(null);(null)
778;M10097 MOET & CHANDON;10907575;10907575;0;0;(null);(null)
779;M10980 MAJORICA EURO;10907324;10907324;0;0;(null);(null)
780;M11100 MARC ROZIER;10907514;10907514;0;0;(null);(null)
781;M11111 C.I.T.A.;10907515;10907515;0;0;(null);(null)
782;M11194 MARKET CONNECTION USD SKY;10924105;10924105;0;0;(null);(null)
783;M11555 MANCERA ESTERK;32455976;32455976;0;0;(null);(null)
784;M12333 MARCO FANTINI;10970781;10970781;0;0;(null);(null)
785;M12345 MAJORICA PSTA SKY;10907219;10907219;0;0;(null);(null)
787;M13579 MDB TE GROUP;10907576;10907576;0;0;(null);(null)
788;M15360 MANAKAS;10907577;10907577;0;0;(null);(null)
789;M16789 Ãﬂ√ »… Ã»– OOO;27137465;27137465;0;0;(null);(null)
790;M33312 AS-MARKET;23768789;23768789;0;0;(null);(null)
791;M44118 MARCO POLO;10907517;10907517;0;0;(null);(null)
792;M47777 MILUS WEINER WATCH GROUP;13595690;13595690;0;0;(null);(null)
793;M51047 MISAKI VT LTD SKY;10907414;10907414;0;0;(null);(null)
794;M54321 MARCOLIN;10907415;10907415;11103527;0;(null);(null)
795;M55511 TOBACCO MARKETING MU;19116074;19116074;0;0;(null);(null)
796;M73579 RAYMOND WEIL WATCHES;10907270;10907270;0;0;(null);(null)
797;M88888 MAGESTIC IMPEKS OOO;10923966;10923966;0;0;(null);(null)
798;M99979 MATTEL EUROPA;10907518;10907518;0;0;(null);(null)
799;M99980 MAJORICA S.A.;10907579;10907579;0;0;(null);(null)
800;N10002 N.RICCI COUTURE EURO;10907220;10907220;0;0;(null);(null)
801;N10003 N.RICCI COUTURE FFR;10923906;10923906;0;0;(null);(null)
802;N10011 SAFILO;10907519;10907519;0;0;(null);(null)
803;N10020 NUOVA MOKAS SRL;10923864;10923864;0;0;(null);(null)
804;N10022 N.RICCI SKY;10907520;10907520;0;0;(null);(null)
805;N10031 NORIKO IRELAND LTD;10907326;10907326;0;0;(null);(null)
806;N12333+ NASLEDIE;21910627;21910627;0;0;(null);(null)
807;N12345 NASLEDIE OOO;22422552;22422552;0;0;(null);(null)
808;N15150 NEMIROFF COMPANY;10907271;10907271;0;0;(null);(null)
809;N15336 NIKE LLC (RUSSIA);14325868;14325868;0;0;(null);(null)
810;N34420 NESTLE WORLD TRADE;10907521;10907521;0;0;(null);(null)
811;NAVI PLU;41947840;41947840;0;0;(null);(null)
812;NB0001 NOUVELLE BAGUE;36316569;36316569;0;0;(null);(null)
813;O10001 ORO VITCHENZA;10907522;10907522;0;0;(null);(null)
814;O10005 CAROLE PLUS GOLDOAK;10907272;10907272;0;0;(null);(null)
815;O10006 MERAKETECH;10907416;10907416;0;0;(null);(null)
816;O10096 CLARISONIC PBI;45121114;45121114;0;0;(null);(null)
817;O20770 OST-ALKO;10907371;10907371;0;0;(null);(null)
818;O99911 OLD PARFUME;25883873;25883873;0;0;(null);(null)
819;O99999 OAKLEY;15218729;15218729;0;0;(null);(null)
820;OX162 OXYGEN SKY;10907327;10907327;0;0;(null);(null)
821;P&G;12143016;12143016;0;0;(null);(null)
822;P00555 PEPSI CO;10907372;10907372;0;0;(null);(null)
823;P05322 PACO RABANNE SKY;10907273;10907273;0;0;(null);(null)
824;P10001 PREMIER PORTFOLIO EURO SKY;10907462;10907462;0;0;(null);(null)
825;P10055 VALORA TRADE DENMARK;10907526;10907526;0;0;(null);(null)
826;P10078 CACHAREL PBI;10907274;10907274;14877524;0;(null);(null)
827;P10079 RALPH LAUREN PBI;10907329;10907329;16223582;0;(null);(null)
828;P10080 GIORGIO ARMANI PBI;10907463;10907463;14877523;O_SUP072;(null);(null)
829;P10081 PALOMA PICASSO PBI;10907222;10907222;16177698;0;(null);(null)
830;P10082 GUY LAROCHE PBI;10907417;10907417;0;0;(null);(null)
831;P10099 HELENA RUBINSTEIN PBI;10907275;10907275;15981229;0;(null);(null)
834;P10997 LA PRAIRIE SKY;10922057;10922057;0;0;(null);(null)
835;P11000 POLYOT WATCHES;10907582;10907582;0;0;(null);(null)
836;P11100 PRADA SKY;10907527;10907527;0;0;(null);(null)
837;P11111 PORTSELAN;10907583;10907583;0;0;(null);(null)
838;P11112 PIA PRETOR;10907419;10907419;0;0;(null);(null)
839;P12345 P.KOASTAS & CIE EVEE;10907464;10907464;0;0;(null);(null)
840;P14673 LANCOME PBI;10907584;10907584;15192910;0;(null);(null)
841;P14674 L'OREAL PBI SKY;10907585;10907585;0;0;(null);(null)
842;P15548 CARTIER PARFUME;10907276;10907276;0;0;(null);(null)
843;P15789 PROGRESS-PLUS OOO;18424894;18424894;0;0;(null);(null)
844;P17290 GIVENCHY PARFUMS;10907420;10907420;15834392;0;(null);(null)
845;P17291 GIVENCHY SKY;10907465;10907465;0;0;(null);(null)
846;P18784 ARDEN LAGERFELD OLD;10923902;10923902;0;0;(null);(null)
847;P55511 EL PACO;16821329;16821329;0;0;(null);(null)
848;P98999 ORCHID COMPANY;10907421;10907421;0;0;(null);(null)
849;P99989 PASCO GMBH;10907224;10907224;0;0;(null);(null)
850;P99997 PANASONIC C/S;10907467;10907467;0;0;(null);(null)
851;P99999 PAT SAYS NOW;13034660;13034660;0;0;(null);(null)
852;PAL ZILERI GROUP;42767489;42767489;0;0;(null);(null)
853;PC10001 CARTIER WATCHES;10907468;10907468;0;0;(null);(null)
854;PC10002 CARTIER JEWELLERY;10907225;10907225;0;0;(null);(null)
855;PD11234 PREMIER DRINK;10907331;10907331;0;0;(null);(null)
856;PL33515 PORTOLANO GUANTI;10967454;10967454;0;0;(null);(null)
857;PM 12399 PARRIS MONTE CARLO (À¿ ÿ≈–»);45125410;45125410;0;0;(null);(null)
858;PR0001 PREMIER PORTFOLIO USD SKY;10907422;10907422;0;0;(null);(null)
859;PU23888 PUCCI VIVARA/VARIAZIONI/MISS PUCCI;24207678;24207678;0;0;(null);(null)
860;R00101 ROSA ROSE GOLD;10907226;10907226;0;0;(null);(null)
861;R10001 RUSAGROTORG MOSCOW;10907529;10907529;0;0;(null);(null)
862;R10017 ROLNIK PUBLISHERS;10907423;10907423;0;0;(null);(null)
863;R10024 MARTINI-BACARDI;10907530;10907530;0;0;(null);(null)
864;R10047+ BIONT LTD RBN;10924126;10924126;0;0;(null);(null)
865;R10053 REMY MARTIN;10907533;10907533;0;0;(null);(null)
866;R10058 NIAGARA FOODS;10907534;10907534;0;0;(null);(null)
867;R10063 RENE CUSACK LTD;10923891;10923891;0;0;(null);(null)
868;R10068 RONSON INT USD LTD;10907278;10907278;0;0;(null);(null)
869;R12345 RUSSIAN OSETR;22575112;22575112;0;0;(null);(null)
870;R12369 RADO WATCHES;10907424;10907424;0;0;(null);(null)
871;R16900 ITIL (REEMTSMA INT);10907469;10907469;0;0;(null);(null)
872;R22222 RUSSIAN OSETR - ADYGEYA OOO;23023836;23023836;0;0;(null);(null)
873;R25255 ROTOR HOUSE;32030767;32030767;0;0;(null);(null)
874;R55545 ROBERTA DI CAMERINO GENERLUX;10933449;10933449;0;0;(null);(null)
875;R76234 ROUGIE;10923886;10923886;0;0;(null);(null)
876;R89732 RUSS BERRIE UK LTD;10907374;10907374;0;0;(null);(null)
877;S&S5421 SEA & SKY SUPPLY;10907279;10907279;0;0;(null);(null)
878;S00010 SCHABAK;10907587;10907587;0;0;(null);(null)
879;S01607 SHISEIDO EUROPE;10907536;10907536;0;O_SUP166;(null);(null)
880;S03854 COSMOPOLITAN COSMETIC;10907538;10907538;0;0;(null);(null)
881;S10002 SIBER HEGNER GIVENCHY;10907375;10907375;0;0;(null);(null)
882;S10012 SOLVAR;10907376;10907376;0;0;(null);(null)
883;S10014 SAMSONITE EUROPE;10907377;10907377;14046274;0;(null);(null)
884;S10067 SHEAFFER;10907227;10907227;0;0;(null);(null)
885;S10073 ALTADIS;10907588;10907588;0;0;(null);(null)
886;S10089 SWEET TALK CONFECTION;10907426;10907426;0;0;(null);(null)
887;S10093 SWISHER INT LTD ARI;10907427;10907427;0;0;(null);(null)
888;S10103 STORCK INTERNATIONAL;10907228;10907228;13473946;0;(null);(null)
889;S10113 SENSUS;10907280;10907280;0;0;(null);(null)
890;S10133 SWAROVSKI JEWELLERY;10907281;10907281;10903005;O_SUP306;(null);(null)
891;S10137 SWATCH GROUP UK;10907282;10907282;0;0;(null);(null)
892;S10201 STAR CASE;10907333;10907333;0;0;(null);(null)
893;S10333 SCORPIO SKY EURO;10907378;10907378;0;0;(null);(null)
894;S11001 SILHOUETTE INT;10907471;10907471;10903006;O_SUP316;(null);(null)
895;S11223 SCORPIO SKY USD;10907283;10907283;0;0;(null);(null)
896;S12345 SNIPE BRANDS;10907334;10907334;0;0;(null);(null)
897;S15450 SPLVZ OOO;10907380;10907380;0;0;(null);(null)
898;S20030 SPI SPIRITS CYPRUS;10907335;10907335;0;0;(null);(null)
899;S30030 STELLA MCCARTNEY PBI;22552919;22552919;0;0;(null);(null)
900;S33333 SOUNDLINE;10912490;10912490;14114614;0;(null);(null)
901;S55666 SCORPIO PARFUME;28821048;28821048;0;0;(null);(null)
902;S57279 SOLATREX CITIZEN;10907472;10907472;0;0;(null);(null)
903;S59555 TECHSOYUZ SONY/KONICA USD;10907229;10907229;0;0;(null);(null)
904;S70216 OMEGA WATCHES;10907381;10907381;0;0;(null);(null)
905;S84443 SWAROVSKI SKY;10907336;10907336;0;0;(null);(null)
906;S99989 SWAROVSKI SILVER CRYSTAL;10907473;10907473;13976024;0;(null);(null)
907;S99999 SKYSHOP PARF OLD;10907474;10907474;0;0;(null);(null)
908;SCH123 EUGEN SCHOFER GMBH;10907337;10907337;0;0;(null);(null)
909;SHISEID0;45123389;45123389;0;0;(null);(null)
910;ST0000 STEP GROUP OOO;10907475;10907475;0;0;(null);(null)
911;ST12345 TAMBER SP;10907476;10907476;0;0;(null);(null)
912;SUPPLIERS 01 (LIQUORS);25344343;25344343;0;0;(null);(null)
913;SUPPLIERS 05 (FASHION / ACCESSORIES);25344339;25344339;0;0;(null);(null)
914;SUPPLIERS 09 (SOUVENIRS / MUSIC / BOOK);25344328;25344328;0;0;(null);(null)
915;SUPPLIERS 14 (TOYS);25344254;25344254;0;0;(null);(null)
916;SUPPLIERS 16 (TRAVEL);25344255;25344255;0;0;(null);(null)
917;SUPPLIERS 99 (IRISH BAR);25344253;25344253;0;0;(null);(null)
918;SUPPLIERS OLD;25258383;25258383;0;0;(null);(null)
919;SVO1112 SHEREMETEVO PROCESSING OOO;45120571;45120571;0;0;(null);(null)
920;T10000 TASHIA;10907230;10907230;0;0;(null);(null)
921;T10044 THOMAS HINE COGNAC;10907231;10907231;0;0;(null);(null)
922;T10050 TOMS CONFECTIONERY;10923839;10923839;0;0;(null);(null)
923;T10067 DOLCE & GABBANA WATCH;10907233;10907233;0;0;(null);(null)
924;T10075 T&T CO;10907477;10907477;0;0;(null);(null)
925;T12345 TOMAS SABO SILVER;10907429;10907429;0;0;(null);(null)
926;T20010 TARGUS EUROPE LTD;10907478;10907478;0;0;(null);(null)
927;T23456 TUMI SKY;10922579;10922579;0;0;(null);(null)
928;T32759 TEXIER;10907430;10907430;0;0;(null);(null)
929;T55545 PAUL & SHARK;10907382;10907382;0;0;(null);(null)
930;T65545 TONUS ŒŒŒ;43255373;43255373;0;0;(null);(null)
931;T78999 TROIKA;10907234;10907234;0;0;(null);(null)
932;T81379 TISSOT WATCHES;10907235;10907235;0;0;(null);(null)
933;T99993 TSANIKIDIS NIDDASTRASSE;10907383;10907383;0;0;(null);(null)
934;TAG1234 TAG HEUER WATCHES;10907236;10907236;0;0;(null);(null)
935;TD11757 SWK TD;10907479;10907479;0;0;(null);(null)
936;TMXF GR;36154933;36154933;0;0;(null);(null)
937;TR12345 TRAVELTELECOM;10923967;10923967;0;0;(null);(null)
938;U11111 UNITOYS OOO;11352618;11352618;0;0;(null);(null)
939;U12222 U.TOYS;15105661;15105661;0;0;(null);(null)
940;U14222 DIAGEO UDV+BAILEYS;10907338;10907338;0;O_SUP531;(null);(null)
941;U22211 URENHOLT OOO;21961992;21961992;0;0;(null);(null)
942;U55555 UNIT;30392527;30392527;0;0;(null);(null)
943;U86366 UNDERBERG;10907179;10907179;0;0;(null);(null)
944;V000003 LEIXLIP;10907180;10907180;0;0;(null);(null)
945;V10003 OCEAN+ TD;10907482;10907482;0;0;(null);(null)
946;V10013 VAN DYCK BELGIAN CHOC;10923867;10923867;0;0;(null);(null)
947;V10021 VICTORINOX;10907181;10907181;0;0;(null);(null)
948;N66656 ◊»—“Œ≈ Õ≈¡Œ;0;0;16222844;I_SUP394;(null);(null)
949;E10001 › —œŒ—≈–¬»— OOO;0;0;10908930;0;(null);(null)
950;E20002 › —œŒ“–≈…ƒ ŒŒŒ;0;0;14183052;0;(null);(null)
951;E25555 ›À»“ ¡›√« (CK);0;0;16223530;I_SUP161;(null);(null)
952;A00100 ›Ã¡Œ–√;0;0;10971590;0;(null);(null)
953;B14270 ¡–¿«»— ÀŒ√»—“» ;0;0;16223699;I_SUP406;(null);(null)
954;V10046 VEUVE CLIQUOT PONSARDIN;10907284;10907284;0;0;(null);(null)
955;V11011 VAN GILS;10907540;10907540;0;0;(null);(null)
956;V11111 VREMENA GODA;10907483;10907483;0;0;(null);(null)
957;V12002 VEL OOO;10907182;10907182;0;0;(null);(null)
958;V33311 VASCO INT SARL;18399637;18399637;0;0;(null);(null)
959;V33344 ITALCOM;10907339;10907339;0;0;(null);(null)
960;V55331 VERBILKI PORCELAIN WORKS;29007930;29007930;0;0;(null);(null)
961;V58888 VINEXIM OOO;19139930;19139930;0;0;(null);(null)
962;V777771 VISTTORG OOO;22445833;22445833;0;0;(null);(null)
963;V87654+ VESTA TRADE;31862360;31862360;0;0;(null);(null)
965;W10011 WILLIAM LUSTY LTD;10924101;10924101;0;0;(null);(null)
966;W10031 WALKERS SHORTBREAD;10923889;10923889;0;0;(null);(null)
967;W10038 WORLDBEST CIGARS;10907543;10907543;0;0;(null);(null)
968;W10040 HENRY WINTERMAN SIGAR;10907384;10907384;0;0;(null);(null)
969;W30750 WATERFORD GLASS LTD;10907544;10907544;0;0;(null);(null)
970;W59120 JIM BEAM BRANDS;10907431;10907431;0;(null);(null);(null)
971;W77777 WEITNAUER DISTRIBUTION LTD;45125374;45125374;0;O_SUP468;(null);(null)
972;Y10009 MAJORICA SKY;10907340;10907340;0;0;(null);(null)
973;Y10013 IBB 10907432;10907432;10907432;0;0;(null);(null)
974;Y10018 REAKAM INC;10923870;10923870;0;0;(null);(null)
975;Y10023 VALENTINO P&G;10907239;10907239;0;0;(null);(null)
976;Y66649 YSL SKY;10907433;10907433;0;0;(null);(null)
977;ZD12345 ZENITH WATCHES;10907484;10907484;0;0;(null);(null)
978;¬»“¿-¬ «¿Œ;41947844;41947844;0;0;(null);(null)
979;»«À»ÿ »;10902799;10902799;0;0;(null);(null)
980;»À‹»Õ¿;44513336;44513336;0;0;(null);(null)
981; Œ–Õ≈–€;45120951;45120951;0;0;(null);(null)
982;Ã»Õ»”Ã;45125193;45125193;0;0;(null);(null)
983;œ–Œ»«¬Œƒ»“≈À‹;45125000;45125000;0;0;(null);(null)
984;–Œ——»…— »≈ œŒ—“¿¬Ÿ» »;29784619;29784619;0;0;(null);(null)
985;›—“≈– œ¿–‘ﬁÃ;21453536;21453536;0;0;(null);(null)
986;AB9999+ AEROBRIDGE UNION;39373863;39373863;15861076;0;(null);(null)
987;A03333 AGATHA;32030763;32030763;15061294;0;(null);(null)
988;AR10016 AGATHA RUIZ DE LA PRADA PUIG;21046073;21046073;16223624;0;(null);(null)
989;O45566 AJ ARABIA Œ¡—»ƒ»¿Õ“;45124635;45124635;16223552;0;(null);(null)
990;AJ00001 AJMAL;45124188;45124188;16223212;0;(null);(null)
991;AJ5545 ALEXANDRE J Ã»Õ»”Ã;45123556;45123556;16222783;0;(null);(null)
992;A54321 ALLIED BRANDS;22424977;22424977;0;0;(null);(null)
993;AO12345 ALYSON OLDOINI INTERLUX 2;45125271;45125271;0;0;(null);(null)
994;I65432 ALYSON OLDOINI. INTERLUX;45123572;45123572;16222786;0;(null);(null)
995;A44444+ AMADEUS;12922092;12922092;0;0;(null);(null)
996;O65321 AMOUAGE Œ¡—»ƒ»¿Õ“;37985082;37985082;16147160;0;(null);(null)
997;AM11111 ANTHIME MOULEY;43333871;43333871;0;0;(null);(null)
999;M10096 AYDYA LTD TRAVALO MC;45121261;45121261;15981555;0;(null);(null)
1000;B99911 BAIKAL JSL;45120829;45120829;0;0;(null);(null)
1001;B69870 BALLY SA I VIA INDUSTRIA;43359682;43359682;0;0;(null);(null)
1002;R63835 BAT INTL (ROTHMANS INT);10907332;10907332;0;0;(null);(null)
1003;BE56565 BEGEMOT;45120899;45120899;0;0;(null);(null)
1004;B33333 BELVEDERE;28366568;28366568;0;0;(null);(null)
1005;B14673 BIOTHERM PBI;10907549;10907549;14348260;0;(null);(null)
1006;B51551 BISQUIT COGNAC;30663658;30663658;0;O_SUP492;(null);(null)
1007;BS55545 BODY SHOP;43252561;43252561;16222668;0;(null);(null)
1008;B11555 BONA 000;18666543;18666543;12499656;(null);(null);(null)
1009;B95137 BRACCIALINI;42521050;42521050;0;0;(null);(null)
1010;B10044 BROWN FORMAN BEVERAGE;10907440;10907440;0;O_SUP485;(null);(null)
1011;R10060 BVLGARI;10907277;10907277;16032127;0;(null);(null)
1012;Y10010 CALVIN KLEIN UNILEVER COTY;10907285;10907285;0;0;(null);(null)
1013;C05723 CAMUS INTERNATIONAL;10907391;10907391;0;O_SUP496;(null);(null)
1014;IL98765 CARON »œ »À‹»Õ¿;42548796;42548796;15962875;0;(null);(null)
1015;C10023 CARRERA JEWELLERY;10907488;10907488;0;O_SUP215;(null);(null)
1016;C10031 CARTIER INT FASHION;10907552;10907552;0;I_SUP171;(null);(null)
1017;C96385 CEDC;42829327;42829327;0;0;(null);(null)
1018;C55555 CELLCOSMET & CELLMEN;31846685;31846685;0;0;(null);(null)
1019;L10055 CHAMPAGNE LAUREN PERRIER;10907215;10907215;0;0;(null);(null)
1020;L10013 CHLOE COTY;10907406;10907406;16223587;0;(null);(null)
1021;C31805 CHRISTIAN DIOR;10907189;10907189;15316079;0;(null);(null)
1022;C21212 CHURCHILLS;28487171;28487171;14832869;0;(null);(null)
1023;CK11111 CK WATCH & JEW CO;20820656;20820656;0;0;(null);(null)
1024;C10032 CLARINS SWAROVSKI;28413105;28413105;0;0;(null);(null)
1025;C10020 CLINIQUE E.LAUDER;10907445;10907445;0;0;(null);(null)
1026;—76123 CLOUDZ TRAVEL ACCESSORIES;45121166;45121166;16222284;0;(null);(null)
1027;C11223 COCCINELLE;45124331;45124331;0;0;(null);(null)
1028;CO78404 COCOROSE;37872437;37872437;0;0;(null);(null)
1029;A25555 CONSTELLATIONS BRANDS SCHENLEY INC;28142960;28142960;0;0;(null);(null)
1030;CM00006 CREME DE LA MER E.LAUDER;25775436;25775436;0;0;(null);(null)
1031;C10300 CRISTALL-LEFORTOVO OOO;30320649;30320649;0;0;(null);(null)
1032;D50010 D&G P&G;24892618;24892618;0;0;(null);(null)
1033;R50938 DESIGN GO;10907586;10907586;10902943;0;(null);(null)
1034;P10095 DIESEL PBI;12560437;12560437;0;0;(null);(null)
1035;D30030 DOLCE & GABBANA MAKE-UP P&G;45123004;45123004;0;0;(null);(null)
1036;L00001 DONNA KARAN E.LAUDER;10907316;10907316;0;0;(null);(null)
1037;DZ55555 DREVO ZHIZNI OOO;42073729;42073729;15962795;0;(null);(null)
1038;DU55545 DUC D`O;45123194;45123194;0;0;(null);(null)
1039;DK33331 DYRBERG KERN;45123595;45123595;15981228;0;(null);(null)
1040;E86421 EASTPAK;33678924;33678924;0;0;(null);(null)
1041;E03033 EDOX;32653273;32653273;16080150;0;(null);(null)
1042;ES12345 ELIE SAAB BPI;28431636;28431636;0;0;(null);(null)
1043;E12345 ES.MOLECULES ESTERK;16904957;16904957;14122386;0;(null);(null)
1044;E73621 ESCADA WATCHES;42750498;42750498;0;0;(null);(null)
1045;I54333 F.BOCLET INTERLUX;44185425;44185425;16152907;0;(null);(null)
1046;FB11123 F.BOCLET INTERLUX 2;45125270;45125270;0;0;(null);(null)
1047;FP11111 F.PARTNERS OOO;34335099;34335099;0;0;(null);(null)
1048;F66321 FAZER BRANDS INTERNATIONAL;45120563;45120563;0;0;(null);(null)
1049;F35291 FENDI PARFUM;24207694;24207694;15968000;0;(null);(null)
1050;FE1234 FENDI SILK SA;14416973;14416973;0;0;(null);(null)
1051;FO45678 FOSSIL;36154934;36154934;0;0;(null);(null)
1052;G55551 GANCIA;42565904;42565904;0;0;(null);(null)
1053;GS12345 GOLDEN SPIRIT SA;39810224;39810224;0;0;(null);(null)
1054;G54321 GOURJI (RUB);26082124;26082124;0;0;(null);(null)
1055;G37123 GREATWELL INVESTMENTS LTD;17129947;17129947;0;0;(null);(null)
1056;AD12468 GREENFIELD INTERVEST LTD;42565954;42565954;0;0;(null);(null)
1057;G59870 GUCCI;42828643;42828643;0;0;(null);(null)
1058;G93124 GUERLAIN PARFUMS;10907504;10907504;15981117;0;(null);(null)
1059;H1234 HERMANN JOERSS;18537636;18537636;0;O_SUP510;(null);(null)
1060;H66500 HIBWAY LTD. T/A SAFFON SUPPLY SERVICES;45124563;45124563;16223555;O_SUP665;(null);(null)
1061;IL98766 HISTOIRES DE PARFUMES »œ »À‹»Õ¿;44513352;44513352;16164160;0;(null);(null)
1062;IL98767 HOUBIGANT »œ »À‹»Õ¿;44513353;44513353;16164158;0;(null);(null)
1063;E33961 HUGO BOSS P&G;10907254;10907254;0;0;(null);(null)
1064;I55588 IAN MACLEOD DISTILLERS LTD;32456993;32456993;0;0;(null);(null)
1065;V00112_ IMMAGINE S.R.L (VERSACE);15452243;15452243;0;0;(null);(null)
1066;J10142 JAGERMEISTER;43914265;43914265;0;0;(null);(null)
1067;J00007 JAMES BOND P&G;42793944;42793944;0;0;(null);(null)
1068;J52222 JANEKE;24722453;24722453;0;0;(null);(null)
1069;B10028 JEAN PAUL GAUTIER BPI;10907293;10907293;0;0;(null);(null)
1070;S35353 JFM HELLO KITTY;32634464;32634464;0;0;(null);(null)
1071;JV55555 JFM VICTORINOX;33274118;33274118;0;0;(null);(null)
1072;A20033 JOHN RICHMOND EUROITALIA;28446164;28446164;0;0;(null);(null)
1073;JL11115 JUDITH LEIBER ESTERK;36594517;36594517;0;0;(null);(null)
1074;J12345 JUPITER OOO;23738398;23738398;0;0;(null);(null)
1075;K65432 KAGANSKI & CO GMBH;37442640;37442640;0;O_SUP514;(null);(null)
1076;K56999 KASKAD LOGISTIC;26205725;26205725;0;0;(null);(null)
1077;K54321 KIEHL'S PBI;26182997;26182997;0;0;(null);(null)
1078;KI12345 KINSKI ESTERK;37509375;37509375;0;0;(null);(null)
1079;KF33315 KORLOFF INTERLUX 2;45125272;45125272;162236620;0;(null);(null)
1080;M54789 LA MARQUISE;34274819;34274819;0;0;(null);(null)
1081;LA33312 LAMARTIS;45120901;45120901;0;0;(null);(null)
1082;L10014 LANCASTER COTY;25616944;25616944;0;0;(null);(null)
1083;L99908 LANCEL BOUTIQUE;30771147;30771147;0;0;(null);(null)
1084;A77332 L'ATELIER;45121220;45121220;0;0;(null);(null)
1085;L44115 LAVIANA ART LIMITED;43147037;43147037;0;0;(null);(null)
1086;LC0001 LES CONTES;40531999;40531999;15358688;0;(null);(null)
1087;L99999 LES COPAINS (BVM);22245319;22245319;0;0;(null);(null)
1088;L17000 LIFETRONS;45121260;45121260;15975634;0;(null);(null)
1089;L54321 L'OCCITANE;20475049;20475049;14867972;O_SUP155;(null);(null)
1090;LP22222 L'OREAL PARIS;29342664;29342664;13934538;0;(null);(null)
1091;L13579 LUDING OOO;34495127;34495127;15840663;0;(null);(null)
1092;MT12345 MAGIC TEXTILE TRADING LTD;39279514;39279514;0;0;(null);(null)
1093;M87654 MAISON MARTIN MARGIELA PBI;37221726;37221726;0;0;(null);(null)
1094;M88899 MARCHON UK LTD;10923909;10923909;0;0;(null);(null)
1095;M99945 MARKA;44667433;44667433;0;0;(null);(null)
1096;M22223 MARUSYA BEVER RUSS OOO;25951767;25951767;0;0;(null);(null)
1097;E55547 MASQUE EXILITY;44514880;44514880;16165068;0;(null);(null)
1098;M99999 MAUI JIM SUNGLASSES;13641521;13641521;0;0;(null);(null)
1099;M55555 MAV;40529713;40529713;0;0;(null);(null)
1100;M99989 MAXXIUM TRAVEL RETAIL;10907325;10907325;0;(null);(null);(null)
1101;M12456 MEDVED TD OOO;40267364;40267364;0;0;(null);(null)
1102;M75321 MEIRA T;42567702;42567702;0;0;(null);(null)
1103;IL98768 MEMO »œ »À‹»Õ¿;44513354;44513354;16164156;0;(null);(null)
1104;MP55555 MEPI;15934937;15934937;13934708;0;(null);(null)
1105;MHCS001 MHCS-SERVICE CLIENT&OPERATIONS LOGISTQUES;22297157;22297157;0;0;(null);(null)
1106;M20002 MONTBLANC SIMPLO GMBH;10907269;10907269;0;0;(null);(null)
1107;M20031 MOSCHINO EUROITALIA;19241819;19241819;16064645;0;(null);(null)
1108;R35840 N.RICCI PUIG;10907535;10907535;16157275;0;(null);(null)
1109;N55555 NAT OOO;32300083;32300083;0;0;(null);(null)
1110;NF1055 NEFT VODKA DISTRIBUTION LLC;39883260;39883260;0;(null);(null);(null)
1111;OK00364 OB KONDITERY OOO;43239345;43239345;15981118;0;(null);(null)
1112;A12345 OOO AUGUST GROUP;45124718;45124718;11254622;0;(null);(null)
1113;E12468 ESTERK;25843088;25843088;16223481;0;(null);(null)
1114;BIK1113 OOO BIK;45124232;45124232;16223339;0;(null);(null)
1115;D12329 OOO √  ƒ¿…ÃŒÕƒ;43267543;43267543;0;0;(null);(null)
1116;L10020 OPI COTY;38035218;38035218;0;0;(null);(null)
1117;OV55550 OVERSEAS;45124213;45124213;0;0;(null);(null)
1118;P85858 PAL ZILERI;16332029;16332029;0;0;(null);(null)
1119;P65656 PAL ZILERI LAB;45120830;45120830;0;0;(null);(null)
1120;P99988 PATRON SPIRIT COMPANY;16584038;16584038;0;0;(null);(null)
1121;E55551 PECCATO EXILITY;45120567;45120567;16222203;0;(null);(null)
1122;P97531 PERRIS MONTE CARLO INTERLUX;45125116;45125116;16223541;0;(null);(null)
1123;W87655 PHILLIP MORRIS DISTRIBUTION LTD;26195404;26195404;0;0;(null);(null)
1124;PI99999 PIANEGONDA;12336953;12336953;0;0;(null);(null)
1125;P87654 POLICE TIME WATCHES;29316730;29316730;0;0;(null);(null)
1126;P11115 PORTOLANO;14919314;14919314;0;0;(null);(null)
1127;P77721 PRINCIPE;42767493;42767493;0;0;(null);(null)
1128;IL98769 PRUDENCE »œ »À‹»Õ¿;44513355;44513355;16164157;0;(null);(null)
1129;E55545 RAMON MOLVIZAR EXILITY;40173724;40173724;15855616;0;(null);(null)
1130;R20012 RANCE;40530149;40530149;15233566;0;(null);(null)
1131;C69999 RASKAT TD;35299122;35299122;0;0;(null);(null)
1132;E10051 RATTI;10907359;10907359;0;0;(null);(null)
1133;RB7777 ROBERTO BRAVO;44909073;44909073;0;0;(null);(null)
1134;E55548 ROSE & CO EXILITY;44514881;44514881;16165069;0;(null);(null)
1135;O86421 RSG TRADING LLP;45122971;45122971;0;0;(null);(null)
1136;R55531 RUSSIAN CAVIAR HOUSE;30535632;30535632;0;0;(null);(null)
1137;S03853 SCANNON / GUCCI P&G;10907425;10907425;16223232;0;(null);(null)
1138;SC12345 SCORPIO TRAVEL RETAIL;13720558;13720558;16147138;0;(null);(null)
1139;SF25836 SCUDERIA FERRARI;42567736;42567736;16222266;0;(null);(null)
1140;S60017 SERGE LUTENS SHISEIDO;43209096;43209096;0;0;(null);(null)
1141;E55549 SEVIGNE EXILITY;44514882;44514882;16165070;0;(null);(null)
1142;M55545 SIA MONO;40062409;40062409;0;0;(null);(null)
1143;SI1234 SISLEY;20248912;20248912;0;0;(null);(null)
1144;SK55511 SKAGEN;42567128;42567128;0;0;(null);(null)
1145;SB23333 SONYA BY;45120762;45120762;0;0;(null);(null)
1146;S10116 ST.DUPONT;10907428;10907428;0;0;(null);(null)
1147;ST65545 STROCHKOV IP;43255349;43255349;0;0;(null);(null)
1148;S10134 SWAROVSKI WATCH;18455689;18455689;14012059;0;(null);(null)
1149;SM12345 SWISS MILITARY - HANOWA;30337724;30337724;0;O_SUP236;(null);(null)
1150;SS00011 SWISS SMILE;25925276;25925276;15963513;0;(null);(null)
1151;TD1175+ SWK;12978513;12978513;0;0;(null);(null)
1152;TH76543 T.HILFIGER WATCHES;42567748;42567748;0;0;(null);(null)
1153;T12468 TALIKA;44550935;44550935;14113498;0;(null);(null)
1154;O55533 TDK (ORO GOLD);45125285;45125285;16223627;0;(null);(null)
1155;TM77717 TECHNOMARINE;26195164;26195164;15880368;0;(null);(null)
1156;TM1111 TIME & MORE E.K;42523062;42523062;15949607;0;(null);(null)
1157;T87654 TMXF OOO;22606740;22606740;0;0;(null);(null)
1158;T05555 TOCHKA OPORY+;28821448;28821448;0;0;(null);(null)
1159;L00007 TOM FORD BEAUTY E.LAUDER;20257031;20257031;0;0;(null);(null)
1160;T01015 TOM FORD PRIVATE BLENDS E.LAUDER;26043347;26043347;0;0;(null);(null)
1161;T54321 TOVARITCH;43562369;43562369;0;0;(null);(null)
1162;T66633 TUMI;42522400;42522400;0;0;(null);(null)
1163;UM12338 UNITOYS MSK OOO;39829949;39829949;15924874;0;(null);(null)
1164;V50909 VALENTINO PUIG;28935154;28935154;16222233;0;(null);(null)
1165;V11112 VERSACE ESCALE HOLDING LTD;14051117;14051117;0;0;(null);(null)
1166;V20032 VERSACE EUROITALIA;19229424;19229424;16064644;0;(null);(null)
1167;P10085 VICTOR & ROLF PBI;10907373;10907373;14877525;0;(null);(null)
1168;W10022 WBDF_ABSOLUT_HIBBERTS_OLD;16896563;16896563;0;0;(null);(null)
1169;W10018 WBDF_CHIVAS BROTHERS LTD;10923832;10923832;0;0;(null);(null)
1170;W10021 WBDF_HIBBERTS;10923827;10923827;0;0;(null);(null)
1171;W10019 WBDF_HIBBERTS_WINE_OLD;10923877;10923877;0;0;(null);(null)
1172;W10017 WBDF_IRISH DISTILLERS;10907542;10907542;0;0;(null);(null)
1173;W10020 WBDF_MARTELL_HIBBERTS_OLD;10923838;10923838;0;0;(null);(null)
1174;W87655 WEITNAUER DISTRIBUTION LTD;26195404;26195404;0;(null);(null);(null)
1175;W98765 WELCOME+;25926264;25926264;14029982;0;(null);(null)
1176;K20020 WHYTE & MACKAY;10907264;10907264;0;0;(null);(null)
1177;W55555 WOLFORD;45122135;45122135;0;0;(null);(null)
1178;W10810 WOODYSCOVERY OU;40289496;40289496;0;0;(null);(null)
1179;WWF123 WWF;42576177;42576177;14136269;0;(null);(null)
1180;E55550 X-RAY EXILITY;45120509;45120509;16222195;0;(null);(null)
1181;Y55511 YEREVAN BRANDY COMPANY;25979735;25979735;0;0;(null);(null)
1182;Y66648 YSL PBI;10907545;10907545;15192911;0;(null);(null)
1183;Z40040 ZEGNA E.LAUDER;22552917;22552917;0;0;(null);(null)
1184;MONTALE ¡¿À“» ŒÃ;41947842;41947842;16064641;I_SUP127;(null);(null)
1185;V00137 ¬» “Œ–»ﬂ ŒŒŒ;43747035;43747035;16064640;I_SUP137;(null);(null)
1186;V00123 ¬ŒÀ√Œ–≈◊≈Õ— –€¡’Œ«;45125186;45125186;0;0;(null);(null)
1187;I00022 »Ãœ≈–»¿À ŒŒŒ;39846327;39846327;15862053;I_SUP160;(null);(null)
1188;A12600 Ã“  ¿À»—¿ «¿Œ;45121034;45121034;16222265;I_SUP126;(null);(null)
1189;ISUP402 ŒŒŒ œŒ –Œ¬— »… œ–ﬂÕ» ;45125301;45125301;16223632;0;(null);(null)
1190;GC0003 ŒŒŒ »Õ¬≈—“ √≈Œ –≈—”–— (GOLDEN-CANDIES);45124774;45124774;16223409;0;(null);(null)
1191;P234550 œŒ√¿–— ¿ﬂ —»√¿–≈“ÕŒ-—»√¿–Õ¿ﬂ ‘¿¡–» ¿;45123046;45123046;0;0;(null);(null)
1192;E52529 ELIT;29062819;29062819;14345858;0;(null);(null)
1193;ES33315 ›— ‹ﬁ —»√—;45123896;45123896;0;0;(null);(null)
1194;HIBWAY LTD;45124194;45124194;16223268;0;(null);(null)
1195;JSL TRADING;28421445;28421445;14323944;0;(null);(null)
1196;MD GOURMEX LTD;36919341;36919341;15481810;O_SUP525;(null);(null)
1197;YEREVAN BRANDY COMPANY;36919342;36919342;0;0;(null);(null)
1198;P12000 12 PARFUMERS INTERLUX 2;45125473;45125473;16223709;0;(null);(null)
1199;CM00006 CREME DE LA MER;0;0;16223743;0;(null);(null)
1200;INTER-PARFUMS;0;0;16223791;(null);(null);(null)
1201;M00137 MADARA ¬» “Œ–»ﬂ;0;0;16223781;0;(null);(null)
1202;MF5432 MAX FACTOR -≈ƒ»Õ¿ﬂ ≈¬–Œœ¿;0;0;16223727;0;(null);(null)
1203;MO00672 ATKINSONS;45125704;45125704;16223787;0;(null);(null)
1205;SHISEIDO GR;0;0;16223756;0;(null);(null)
1206;SUPPLIERS 33 (TESTER);0;0;16223766;0;(null);(null)
1207;TE33333 TESTERS;0;0;16223767;0;(null);(null)
1208;V12220 VAN CLEEF;0;0;16223765;0;(null);(null)
1209;Z40040 ZEGNA;0;0;16223759;0;(null);(null)
1210;AL55111 ALAIA BPI;45125537;45125537;16223792;0;(null);(null)
1211;ASI412 ASI OOO;45125582;45125582;16223739;0;(null);(null)
1212;M00411 ŒŒŒ ÃŒÀ≈ ”À¿;45125577;45125577;16223732;I_SUP411;(null);(null)
1213;CC6654 CAVALLI CLASS;45125786;45125786;0;0;(null);(null)
1214;I_SUP417 ŒŒŒ Ã»– »√–”ÿ≈ ;45125754;45125754;0;0;(null);(null)
1215;P34567 PIQUADRO;45125854;45125854;0;0;(null);(null)
1216;SIA MONO;45125713;45125713;0;(null);(null);(null)
1217;SKW409 SKW (ŒŒŒ ›—. ≈….¬¿…+ );45125518;45125518;0;I_SUP409;(null);(null)
1218;SUP671 AUTOGRAPH TRAVEL LIMITED;45125650;45125650;0;O_SUP671;(null);(null)
1219;V88514 VILEBREQUIN;45125641;45125641;0;0;(null);(null)
1220;W41150 WHITEFIELD INVEST LTD;45125876;45125876;0;0;(null);(null)
1221;WEITNAUER DISTR.;45125712;45125712;0;0;(null);(null)
1222;ISUP419 » –¿.–” ‘”ƒ—≈–¬»— ŒŒŒ;45125927;45125927;0;I_SUP419;(null);(null)
1223;WHITEFIELD INVEST LTD;45125906;45125906;0;O_SUP672;(null);(null)
1224;AN2014 ARIAL(SOCHI / NOVOSIBIRSK);0;0;16223067;0;(null);(null)
1225;ISUP156 ƒ€ÃŒ¬— Œ≈  ŒÀ¡¿—ÕŒ≈ œ–Œ»«¬Œƒ—“¬Œ ŒŒŒ;0;0;16223847;I_SUP156;(null);(null)
1226;M99989 EDRINGTON;10907325;10907325;0;0;(null);(null)
1227;W59120 BEAM SUNTORY;10907431;10907431;0;0;(null);(null)
1228;A55552 ¿Õ“¿–≈—;0;0;16223884;0;(null);(null)
1229;D10003 OETTINGER DAVIDOFF AG;10907250;10907250;0;0;(null);(null)
1230;FC00002 FERRARI CAVALLINO;45126060;45126060;16223877;0;(null);(null)
1231;PARFUME HOLDING;45126059;45126059;16223876;0;(null);(null)
1232;OSUP695 MONNALISA;45126109;45126109;0;0;(null);(null)
1233;OSUP694 CHOBI;45126108;45126108;0;0;(null);(null)
1234;OVERSEAS;45126113;45126113;0;0;(null);(null)
1235;T88865 ŒŒŒ “ƒ ÷¿–— »… Œ—≈“–;45126036;45126036;0;0;(null);(null)
1236;OSUP697 BE KEEN LIMITED;45126172;45126172;0;0;(null);(null)
1237;ŒŒŒ ¿√–» ŒÀ‹ —»“»;45126149;45126149;16223892;0;(null);(null)
1238;AIR AFFINITY LIMITED;45126209;45126209;0;O_SUP664;(null);(null)
1239;ARCOROS INC.;45126210;45126210;0;O_SUP667;(null);(null)
1240;ART ALLIANCE LTD (UK);45126208;45126208;0;O_SUP004;(null);(null)
1241;ASHFORD;45126191;45126191;0;O_SUP668;(null);(null)
1243;ISUP431 ŒŒŒ “Œ–√Œ¬€… ƒŒÃ –”—ƒ≈À;0;0;16223893;0;(null);(null)
1244;S10133;0;0;16223900;0;(null);(null)
1245;S99989;0;0;16223902;0;(null);(null)
1246;BEST WINE;45125713;45125713;(null);(null);(null);(null)
1247;G37123 SIINERGIA (GREATWELL INVESTMENTS LTD);17129947;17129947;(null);(null);(null);(null)
1251;CA16543 œ¿–‘ﬁÃ œ¿À¿—;0;0;16222308;0;(null);(null)
1261;V12345 “œ  ¬»ÀŒÕ ŒŒŒ;(null);(null);16037549;(null);(null);(null)
1264;OSUP699 MAFRAT SPA;45126324;45126324;0;0;(null);(null)
1268;M71113 ŒŒŒ Ã¿––”——»ﬂ;0;0;16223418;I_SUP089;(null);(null)
1269;A44441 ¿–ŒÕ¿ ŒŒŒ;0;0;16223683;0;(null);(null)
1271;GR00026  ŒÃœ¿Õ»ﬂ √–»Õ‘»Àƒ— ŒŒŒ;0;0;16034955;I_SUP026;(null);(null)
1273;K22233  –”“ŒÕ ŒŒŒ;0;0;16223484;0;(null);(null)
1274;O65432 ¬Œ—‹Ã¿ﬂ »Ãœ≈–»ﬂ ŒŒŒ;0;0;16223729;I_SUP404;(null);(null)
1275;W00111 WHITE HALL CENTER;10907541;10907541;10903026;I_SUP258;(null);(null)
1276;KAGANSKI & CO GMBH;45126192;45126192;0;0;(null);(null)
1277;BEST WINE (SIA MONO);45125713;45125713;0;0;(null);(null)
1278;INTER-PERFUMS;45125722;45125722;16223791;0;(null);(null)
1279;ISUP439 ÕŒ¬€≈ “≈’ÕŒÀŒ√»» ŒŒŒ;45126485;45126485;16223949;0;(null);(null)
1280;S60018 NARS SHISEIDO;45126434;45126434;0;0;(null);(null)
1281;LC00440 LES CONTES –»◊;0;0;16223953;0;(null);(null)
1282;R200440 RANCE –»◊;0;0;16223954;0;(null);(null)
1283;–»◊;0;0;16223952;0;(null);(null)
1284;B11555 BONA OOO;18666543;18666543;12499656;0;(null);(null)
1285;B14674 BIOTHERM SKY;10922016;10922016;0;0;(null);(null)
1286;B89625 LUXOTTICA UK IRL;10907295;10907295;0;0;(null);(null)
1287;E55546 TORRE EXILITY;44514879;44514879;0;0;(null);(null)
1288;F33322 M.FRAY SKY;10907199;10907199;(null);(null);(null);(null)
1289;F45730 FRANCESCO SMALTO;10907305;10907305;0;0;(null);(null)
1290;G10046 GUESS - IBB SKY;10907395;10907395;0;0;(null);(null)
1291;GI20000 GIVENCHY PARFUME DP;45121228;45121228;0;0;(null);(null)
1292;L10031 LA SETA MANTERO SKY;10907407;10907407;0;0;(null);(null)
1293;M12346 STARY MASTER OOO;10924116;10924116;(null);(null);(null);(null)
1294;P10780 CACHAREL PBI SKY;10907418;10907418;0;0;(null);(null)
1295;P10800 GIORGIO ARMANI PBI SK;10907223;10907223;0;0;(null);(null)
1296;AB2222+ AEROBRIDGE UNION;(null);(null);15861076;(null);(null);(null)
1297;AG55511 AGATHA;(null);(null);15061294;(null);(null);(null)
1298;AJ5545 ALEXANDRE J MINIUM;(null);(null);16222783;(null);(null);(null)
1299;B0000003 ¡ŒÕ¿ ŒŒŒ;(null);(null);12499656;(null);(null);(null)
1300;B21456 CARON ¡»¡» ŒÃ (»À‹»Õ¿);(null);(null);15962875;(null);(null);(null)
1301;B21457 MEMO ¡»¡» ŒÃ (»À‹»Õ¿);(null);(null);16164156;(null);(null);(null)
1302;B21458 PRUDENCE ¡»¡» ŒÃ (»À‹»Õ¿);(null);(null);16164157;(null);(null);(null)
1303;B21459 HOUBIGANT ¡»¡» ŒÃ (»À‹»Õ¿);(null);(null);16164158;(null);(null);(null)
1304;B21460 HISTORES DE PARFUMS ¡»¡» ŒÃ (»À‹»Õ¿);(null);(null);16164160;(null);(null);(null)
1305;C31803 CHRISTIAN DIOR;(null);(null);15316079;(null);(null);(null)
1306;C33331 CLARINS;(null);(null);15418168;(null);(null);(null)
1307;CH34567 CHURCHILLS;(null);(null);14832869;(null);(null);(null)
1308;DZ55555 ƒ–≈¬Œ ∆»«Õ» ŒŒŒ;(null);(null);15962795;(null);(null);(null)
1309;E11777 ›À»“ - ≈ƒ»Õ¿ﬂ ≈¬–Œœ¿;(null);(null);14345858;(null);(null);(null)
1310;F00009 M.FREY WILLE DP;(null);(null);14108649;(null);(null);(null)
1311;FF34567 FENDI;(null);(null);15968000;(null);(null);(null)
1312;G10036 GODIVA;(null);(null);15981116;(null);(null);(null)
1313;G11333 GUESS - IBB;(null);(null);10902937;(null);(null);(null)
1314;G33311 DEL GIVENCHY PARFUME SKY;(null);(null);12529723;(null);(null);(null)
1315;G93125 GUERLAIN DP;(null);(null);15981117;(null);(null);(null)
1316;H66500 HIBWAY;(null);(null);16223555;(null);(null);(null)
1317;I54333 F.BOCIET INTERLUX;(null);(null);16152907;(null);(null);(null)
1318;I65432 ALYSON OLDOINI INTERLUX;(null);(null);16222786;(null);(null);(null)
1319;I_SUP12 MONTALE ¡¿À“» ŒÃ;(null);(null);16064641;(null);(null);(null)
1320;J99998 KRAFT JAKOBS SUCHARD;(null);(null);15861659;(null);(null);(null)
1321;JR1405 DESIGN GO;(null);(null);10902943;(null);(null);(null)
1322;K22233 OOO  –”“ŒÕ;(null);(null);16223484;(null);(null);(null)
1323;K28000 KENZO PARF DP;(null);(null);15768570;(null);(null);(null)
1324;L10010 L'OREAL PARIS;(null);(null);13934538;(null);(null);(null)
1325;L10013 CHLOE;(null);(null);16223587;(null);(null);(null)
1326;L11110 LUXOTTICA EURO UK (FORM B&L);(null);(null);10902957;(null);(null);(null)
1327;L13098 LA SETA MANTERO EURO;0;0;10912772;0;(null);(null)
1328;L13579 LAMY- ALD INT;(null);(null);15840663;(null);(null);(null)
1329;L33301 L.CONNAUGHTON&SONS LTD.;(null);(null);11092582;(null);(null);(null)
1330;L35500 L`OCCITANE;(null);(null);14867972;(null);(null);(null)
1331;L44444_OOO À‘¡;(null);(null);15922954;(null);(null);(null)
1332;L89130 LA SETA MANTERO;(null);(null);10902959;(null);(null);(null)
1333;L98888 LEGO;(null);(null);15087679;(null);(null);(null)
1334;LC00001 LES CONTES À≈ ŒÕ“;(null);(null);15358688;(null);(null);(null)
1335;LL77744 BIOTHERM PBI;(null);(null);14348260;(null);(null);(null)
1336;M10049 Ã¿–— √ŒÀÀ¿Õƒ»ﬂ;(null);(null);15900160;(null);(null);(null)
1337;M10096 AYDYA LTD TRAVALO MC SKY;(null);(null);15981555;(null);(null);(null)
1338;M20031 MOSCHINO;(null);(null);16064645;(null);(null);(null)
1339;M54321 MARCOLIN GROUP;(null);(null);11103527;(null);(null);(null)
1340;M71113 ŒŒŒ Ã¿–– –”——»ﬂ;(null);(null);16223418;(null);(null);(null)
1341;MP55500 MEPI;(null);(null);13934708;(null);(null);(null)
1342;OK00364 OB. CONDITERY OOO;(null);(null);15981118;(null);(null);(null)
1343;P10099 HELENA RUBENSTEIN PBI;(null);(null);15981229;(null);(null);(null)
1344;P65000 YSL PBI;(null);(null);15192911;(null);(null);(null)
1345;P75000 LANCOME PBI;(null);(null);15192910;(null);(null);(null)
1346;P78000 CACHAREL PBI;(null);(null);14877524;(null);(null);(null)
1347;P80000 GIORGIO ARMANI PBI;(null);(null);14877523;(null);(null);(null)
1348;P85000 VICTOR & ROLF PBI;(null);(null);14877525;(null);(null);(null)
1349;R10060 BVLGARY;(null);(null);16032127;(null);(null);(null)
1350;R20012 RANCE À≈ ŒÕ“;(null);(null);15233566;(null);(null);(null)
1351;R35840 NINA RICCI PUIG;(null);(null);16157275;(null);(null);(null)
1352;S10000 SHANTERI OOO;0;0;10903001;0;(null);(null)
1353;S10444 SWAROVSKI DP JEW;(null);(null);10903005;(null);(null);(null)
1354;S10445 SWAROWSKI DP FIGURINS;(null);(null);13976024;(null);(null);(null)
1355;S10446 SWAROWSKI DP WATCH;(null);(null);14012059;(null);(null);(null)
1356;S14444 SAMSONITE;(null);(null);14046274;(null);(null);(null)
1357;S45678 SWISS SMILE;(null);(null);15963513;(null);(null);(null)
1358;S65432 STORK TRAVEL RETAIL;(null);(null);13473946;(null);(null);(null)
1359;SC12345 SCORPIO TRAVEL RETAIL(TOYS);(null);(null);16147138;(null);(null);(null)
1360;SL55530 SOUNDLINE;(null);(null);14114614;(null);(null);(null)
1361;T46789 TALIKA;(null);(null);14113498;(null);(null);(null)
1362;TM1111 TIME&MORE E.K.;(null);(null);15949607;(null);(null);(null)
1363;TM77717 TECHOMARINE;(null);(null);15880368;(null);(null);(null)
1364;UM12338 OOO UNITOYS MSK;(null);(null);15924874;(null);(null);(null)
1365;V00137 OKKI ¬» “Œ–»ﬂ;(null);(null);16064640;(null);(null);(null)
1366;V20032 VERSACE;(null);(null);16064644;(null);(null);(null)
1367;V75432 VALENTINO PUIG;(null);(null);16222233;(null);(null);(null)
1368;W00111 WHITE HALL;(null);(null);10903026;(null);(null);(null)
1369;W54321 ¬≈À ŒÃ;(null);(null);14029982;(null);(null);(null)
1370;WWF1234 WWF;(null);(null);14136269;(null);(null);(null)
1371;≈ƒ»Õ¿ﬂ ≈¬–Œœ¿ ’ŒÀƒ»Õ√;(null);(null);14008008;(null);(null);(null)
1372;AN2014 ARIAL(NOVOSIBIRSK);(null);(null);16223067;(null);(null);(null)
1373;CA16543 CARNER OF BARCELONA œ¿–‘ﬁÃ œ¿À¿—;(null);(null);16222308;(null);(null);(null)
1374;GR00026 ŒŒŒ  ŒÃœ¿Õ»ﬂ √–»Õ‘»Àƒ—;(null);(null);16034955;(null);(null);(null)
1375;A44441 ŒŒŒ ¿–ŒÕ¿;(null);(null);16223683;(null);(null);(null)
1376;O65432_OOO ¬Œ—‹Ã¿ﬂ »Ãœ≈–»ﬂ;(null);(null);16223729;(null);(null);(null)
1377;A55555  ŒÃœ¿Õ»ﬂ ¿ÀÀ»√¿“Œ– ŒŒŒ;(null);(null);16223425;(null);(null);(null)
1378;AL55544 ¿À‹ “–≈…ƒ ŒŒŒ;(null);(null);16223429;(null);(null);(null)
1379;H44525 ’Œ–≈ ¿ “–≈…ƒ—≈–¬»— ŒŒŒ;(null);(null);15904373;(null);(null);(null)
1380;I54444 »Õ“≈À “–≈…ƒ “ ;(null);(null);12584095;(null);(null);(null)
1381;K127566  « Œ“–¿ƒÕŒ≈ Œ¿Œ;(null);(null);15892709;(null);(null);(null)
1382;L44444_ À‘¡ ŒŒŒ;(null);(null);15922954;(null);(null);(null)
1383;M71113 Ã¿–– –”——»ﬂ ŒŒŒ;(null);(null);16223418;(null);(null);(null)
1384;O65432_ ¬Œ—‹Ã¿ﬂ »Ãœ≈–»ﬂ ŒŒŒ;(null);(null);16223729;(null);(null);(null)
1385;U10022 ”–≈Õ’ŒÀ‹“ ŒŒŒ;(null);(null);13070299;(null);(null);(null)
1386;V50170 ¬¿À≈Õ—»ﬂ › —œ–≈—— ŒŒŒ;(null);(null);16223643;(null);(null);(null)
1387;—12345 ‘»–Ã¿ —“¿Õ¡≈¬ ŒŒŒ;(null);(null);15922984;(null);(null);(null)
1388;I_SUP441 Õ¿«¿ƒ   »—“Œ ¿Ã;45126550;45126550;16223964;(null);(null);(null)
1389;ES12333 ESTEBAN - ≈ƒ»Õ¿ﬂ ≈¬–Œœ¿;(null);(null);16223960;(null);(null);(null)
1390;AS33354 ASHFORD;45124219;45124219;(null);(null);(null);(null)
1391;ART ALLIANCE DELUXE LTD;42829361;42829361;0;O_SUP003;(null);(null)
1392;BEST WINE CORPORATION;0;0;0;O_SUP669;(null);(null)
1393;BOLS SP.Z.O.O;0;0;0;O_SUP489;(null);(null)
1394;CHANEL SKY;0;0;0;O_SUP138;(null);(null)
1395;FOSTERS;0;0;0;O_SUP506;(null);(null)
1396;JACOB & CO. WATCHES INC.;0;0;0;O_SUP006;(null);(null)
1397;LANCEL SKY;0;0;0;O_SUP424;(null);(null)
1398;NEFT VODKA DISTRIBUTION LLC;39883260;39883260;0;O_SUP527;(null);(null)
1399;OOO ¿¬“Œ√–¿‘;0;0;0;I_SUP382;(null);(null)
1400;OOO “  √–¿“-¬≈—“;0;0;0;I_SUP146;(null);(null)
1401;OOO ﬁœ»“≈–;0;0;0;I_SUP240;(null);(null)
1402;PERNOD RICARD EUROPE;0;0;0;O_SUP635;(null);(null)
1403;RICHEMONT INTERNATIONAL SA;0;0;0;O_SUP670;(null);(null)
1404;SWAROVSKI INTERNATIONAL DISTRIBUTION AG;0;0;0;O_SUP666;(null);(null)
1405;UNITOYS-MCK;0;0;0;I_SUP190;(null);(null)
1406;WBDF_JAMESON;0;0;0;O_SUP470;(null);(null)
1407;WELLVELROCK LTD;0;0;0;O_SUP005;(null);(null)
1408;WESTA GMBH;0;0;0;O_SUP009;(null);(null)
1409;YVES SAINT LAURENT;0;0;0;O_SUP084;(null);(null)
1410;¿–“ ¿À‹ﬂÕ— › Œ;0;0;0;AA_ECO;(null);(null)
1411;«¿Œ ¡≈ÀŒ≈ «ŒÀŒ“Œ;0;0;0;I_SUP110;(null);(null)
1412;«¿Œ ¡–œ»;0;0;0;I_SUP017;(null);(null)
1413;«¿Œ √≈¡¿;0;0;0;I_SUP163;(null);(null)
1414;«¿Œ ƒŒÃŒƒ≈ƒŒ¬Œ ¿›–Œ“›À‹;0;0;0;I_SUP028;(null);(null)
1415;«¿Œ ≈–≈¬¿Õ— »…  ŒÕ‹ﬂ◊Õ€… «¿¬Œƒ;0;0;0;I_SUP096;(null);(null)
1416;«¿Œ  ¿Ã◊¿ƒ¿À;0;0;0;I_SUP092;(null);(null)
1417;«¿Œ –Œ—¿À Œ-Õ≈¬¿;0;0;0;I_SUP091;(null);(null)
1418;«¿Œ –”—— »… » Œ–Õ€… ƒŒÃ;0;0;0;I_SUP224;(null);(null)
1419;«¿Œ —≈…À—;0;0;0;I_SUP122;(null);(null)
1420;«Œ¿ ¿–»–¿Ã;0;0;0;I_SUP378;(null);(null)
1421;»œ ¡¿–¿ÕŒ¬ —.¬.;0;0;0;I_SUP098;(null);(null)
1422;»œ ¡¿÷”≈¬¿;0;0;0;I_SUP134;(null);(null)
1423;»œ »À‹»Õ¿ Õ.¬.;0;0;0;I_SUP362;(null);(null)
1424;»œ “”–¡»Õ¿ Œ.¬.;0;0;0;I_SUP100;(null);(null)
1425;»œ ÷€¡¿ ¬»“¿À»… ¿À≈ —¿Õƒ–Œ¬»◊;0;0;0;I_SUP393;(null);(null)
1426;Œ¿Œ ”ƒ¿–Õ»÷¿;0;0;0;I_SUP103;(null);(null)
1427;ŒŒŒ ´œ¿Õ›Ãª;0;0;0;I_SUP070;(null);(null)
1428;ŒŒŒ ´—¿Õ“Œ◊¿ª;0;0;0;I_SUP093;(null);(null)
1429;ŒŒŒ ¿ÀÀ»√¿“Œ–;0;0;0;I_SUP079;(null);(null)
1430;ŒŒŒ ¿œ–≈À‹;0;0;0;I_SUP104;(null);(null)
1431;ŒŒŒ ¿–ŒÕ¿;0;0;0;I_SUP407;(null);(null)
1432;ŒŒŒ ¿—œ≈ “;0;0;0;I_SUP155;(null);(null)
1433;ŒŒŒ ¿›–Œ-¡–»ƒ∆;0;0;0;I_SUP083;(null);(null)
1434;ŒŒŒ ¿›–Œ-¡–»ƒ∆ “–≈…ƒ»Õ√;0;0;0;I_SUP159;(null);(null)
1435;ŒŒŒ ¿›–Œ-¡–»ƒ∆ ﬁÕ»ŒÕ;0;0;0;I_SUP097;(null);(null)
1436;ŒŒŒ ¡≈√≈ÃŒ“ –”ÃﬂÕ÷≈¬Œ;0;0;0;I_SUP383;(null);(null)
1437;ŒŒŒ ¡»¡» ŒÃ;0;0;0;I_SUP118;(null);(null)
1438;ŒŒŒ ¡»√ “–≈…ƒ;0;0;0;I_SUP068;(null);(null)
1439;ŒŒŒ ¡» ;0;0;0;I_SUP391;(null);(null)
1440;ŒŒŒ ¡ŒÕ¿;0;0;0;I_SUP129;(null);(null)
1441;ŒŒŒ ¡“ ¡≈Õ≈‘»“;0;0;0;I_SUP386;(null);(null)
1442;ŒŒŒ ¬≈ƒ ;0;0;0;I_SUP135;(null);(null)
1443;ŒŒŒ ¬Œ—“Œ -«¿œ¿ƒ;0;0;0;I_SUP032;(null);(null)
1444;ŒŒŒ √≈–¿À‹“;0;0;0;I_SUP086;(null);(null)
1445;ŒŒŒ √   –»—“¿ÀÀ-À≈‘Œ–“Œ¬Œ;0;0;0;I_SUP235;(null);(null)
1446;ŒŒŒ √Œ—“»Õ€… ƒ¬Œ–;0;0;0;I_SUP398;(null);(null)
1447;ŒŒŒ √–¿Õƒ ¡»∆”;0;0;0;I_SUP376;(null);(null)
1448;ŒŒŒ √–¿“¬≈—“;0;0;0;I_SUP154;(null);(null)
1449;ŒŒŒ ƒ∆”—»  ŒÃœ¿Õ»;0;0;0;I_SUP128;(null);(null)
1450;ŒŒŒ ƒ» ƒ∆» “–≈…ƒ»Õ√;0;0;0;I_SUP087;(null);(null)
1451;ŒŒŒ ƒ–≈¬Œ ∆»«Õ»;0;0;0;I_SUP360;(null);(null)
1452;ŒŒŒ ≈¬–Œ ¿–“¿;0;0;0;I_SUP125;(null);(null)
1453;ŒŒŒ »Õ“≈À Ã— ;0;0;0;I_SUP392;(null);(null)
1454;ŒŒŒ »Õ“≈À“–≈…ƒ TK;0;0;0;I_SUP112;(null);(null)
1455;ŒŒŒ »Õ“≈–Àﬁ —;0;0;0;I_SUP153;(null);(null)
1456;ŒŒŒ  ¿— ¿ƒ ÀŒ√»—“» ;0;0;0;I_SUP099;(null);(null)
1457;ŒŒŒ  ¡ —≈–¬»—;0;0;0;I_SUP113;(null);(null)
1458;ŒŒŒ  ¬¿““–Œ;0;0;0;I_SUP088;(null);(null)
1459;ŒŒŒ  ¬ŒÀ»“»;0;0;0;I_SUP131;(null);(null)
1460;ŒŒŒ  ≈…  Ã¿– ≈“;0;0;0;I_SUP379;(null);(null)
1461;ŒŒŒ  ŒÀ»«≈…;0;0;0;I_SUP124;(null);(null)
1462;ŒŒŒ  ŒÕ» ;0;0;0;I_SUP167;(null);(null)
1463;ŒŒŒ  ŒÕ÷≈œ“-¡¿–;0;0;0;I_SUP380;(null);(null)
1464;ŒŒŒ  –»—“¿ÀÀ-¬≈—“;0;0;0;I_SUP077;(null);(null)
1465;ŒŒŒ  –”“ŒÕ;0;0;0;I_SUP400;(null);(null)
1466;ŒŒŒ  ”’Õﬂ π 1;0;0;0;I_SUP130;(null);(null)
1467;ŒŒŒ À¿ œ≈ÀÀ≈ ‘≈ÿÕ;0;0;0;I_SUP109;(null);(null)
1468;ŒŒŒ À¿ ÿ≈–» ¬Œ–Àƒ œ–Œƒ¿ ÿÕ;0;0;0;I_SUP410;(null);(null)
1469;ŒŒŒ À¿Ã¿–“»—;0;0;0;I_SUP384;(null);(null)
1470;ŒŒŒ À≈ ŒÕ“;0;0;0;I_SUP381;(null);(null)
1471;ŒŒŒ À‘¡;0;0;0;I_SUP119;(null);(null)
1472;ŒŒŒ Ã¿–”—ﬂ ¡≈¬≈–≈ƒ∆»— –”—;0;0;0;I_SUP145;(null);(null)
1473;ŒŒŒ Ã»À¿–;0;0;0;I_SUP168;(null);(null)
1474;ŒŒŒ Ã»Õ»”Ã;0;0;0;I_SUP389;(null);(null)
1475;ŒŒŒ ÃŒƒ¿ œ–≈Ã»”Ã;0;0;0;I_SUP108;(null);(null)
1476;ŒŒŒ Õ≈¬— »… ¡≈–≈√;0;0;0;I_SUP136;(null);(null)
1477;ŒŒŒ Õ» - ;0;0;0;I_SUP143;(null);(null)
1478;ŒŒŒ Õ‹ﬁ-Œœ“» ¿;0;0;0;I_SUP042;(null);(null)
1479;ŒŒŒ Œ¡—»ƒ»¿Õ“;0;0;0;I_SUP117;(null);(null)
1480;ŒŒŒ Œ¡⁄≈ƒ»Õ≈ÕÕ€≈  ¿Õƒ»“≈–€;0;0;0;I_SUP364;(null);(null)
1481;ŒŒŒ Œœ“»Ã¿ ¡‹ﬁ“»;0;0;0;I_SUP165;(null);(null)
1482;ŒŒŒ Œ–»ŒÕ √–”œœ;0;0;0;I_SUP078;(null);(null)
1483;ŒŒŒ œ¿–‘ﬁÃ œ–≈—“»∆;0;0;0;I_SUP120;(null);(null)
1484;ŒŒŒ œ≈œ—» Œ ’ŒÀƒ»Õ√—;0;0;0;I_SUP012;(null);(null)
1485;ŒŒŒ œ≈–»ƒ≈Œ –”—;0;0;0;I_SUP106;(null);(null)
1486;ŒŒŒ œ» ¬¿ƒ–Œ –”—;0;0;0;I_SUP169;(null);(null)
1487;ŒŒŒ œ–≈Ã»”Ã-‘”ƒ—;0;0;0;I_SUP008;(null);(null)
1488;ŒŒŒ œ–≈Ã‹≈– ¡‹ﬁ“» À¿…Õ;0;0;0;I_SUP140;(null);(null)
1489;ŒŒŒ œ–»“ﬂ∆≈Õ»≈;0;0;0;I_SUP158;(null);(null)
1490;ŒŒŒ –¬  –¿— ¿“;0;0;0;I_SUP358;(null);(null)
1491;ŒŒŒ –»ÿ›—;0;0;0;I_SUP138;(null);(null)
1492;ŒŒŒ —¿Ã—ŒÕ¿…“;0;0;0;I_SUP053;(null);(null)
1493;ŒŒŒ —  “Œ–√Œ¬Àﬂ;0;0;0;I_SUP038;(null);(null)
1494;ŒŒŒ —Õ¿¡—≈–¬»—;0;0;0;I_SUP133;(null);(null)
1495;ŒŒŒ —œŒ–““Œ¬¿–€ ¡Œ— Œ;0;0;0;I_SUP102;(null);(null)
1496;ŒŒŒ —“¿–“;0;0;0;I_SUP150;(null);(null)
1497;ŒŒŒ —“¿“”—-√–”œœ;0;0;0;I_SUP387;(null);(null)
1498;ŒŒŒ —“»À‹;0;0;0;I_SUP152;(null);(null)
1499;ŒŒŒ —“ŒÀ»◊Õ€≈ —À¿ƒŒ—“»;0;0;0;I_SUP065;(null);(null)
1500;ŒŒŒ —-“–≈…ƒ;0;0;0;I_SUP395;(null);(null)
1501;ŒŒŒ “¿…Ã“› ;0;0;0;I_SUP111;(null);(null)
1502;ŒŒŒ “ƒ œŒÀﬂÕ¿;0;0;0;I_SUP090;(null);(null)
1503;ŒŒŒ “ƒ œ–Œ≈ “ 21;0;0;0;I_SUP132;(null);(null)
1504;ŒŒŒ “ƒ —-¬  —¬ ;0;0;0;I_SUP041;(null);(null)
1505;ŒŒŒ “ŒÕ”—;0;0;0;I_SUP372;(null);(null)
1506;ŒŒŒ “–≈…ƒ —“¿–;0;0;0;I_SUP157;(null);(null)
1507;ŒŒŒ ‘.œ¿–“Õ≈–—;0;0;0;I_SUP162;(null);(null)
1508;ŒŒŒ ‘»–Ã¿ ÀŒ“Œ—-À≈Õƒ;0;0;0;I_SUP044;(null);(null)
1509;ŒŒŒ ‘»–Ã¿ —“»‘;0;0;0;I_SUP081;(null);(null)
1510;ŒŒŒ ‘”ƒ ƒ»“–»¡‹ﬁÿ≈Õ √–”œœ;0;0;0;I_SUP082;(null);(null)
1511;ŒŒŒ ’≈–œ¿ —Õ√;0;0;0;I_SUP151;(null);(null)
1512;ŒŒŒ ›ƒÃ»Õ—;0;0;0;I_SUP107;(null);(null)
1513;ŒŒŒ › —¿À»“»;0;0;0;I_SUP114;(null);(null)
1514;ŒŒŒ › —œ–≈—— Ã≈ƒ»¿ Ã¿– ≈“;0;0;0;I_SUP141;(null);(null)
1515;ŒŒŒ ›Õ—;0;0;0;I_SUP149;(null);(null)
1516;ŒŒŒ ›—œ≈–¿Õ—;0;0;0;I_SUP116;(null);(null)
1517;ŒŒŒ ›—“≈– œ¿–‘ﬁÃ;0;0;0;I_SUP361;(null);(null)
1518;ŒŒŒ ﬁ¬≈À»–;0;0;0;I_SUP142;(null);(null)
1519;ŒŒŒ ﬁÕ»ƒ∆≈À;0;0;0;I_SUP121;(null);(null)
1520;ŒŒŒ ﬁÕ»“Œ…— Ã— ;0;0;0;I_SUP164;(null);(null)
1521;ŒŒŒ ﬂÃ¿À;0;0;0;I_SUP166;(null);(null)
1522;‘√”œ »«ƒ¿“÷≈Õ“– Ã¿– ¿;0;0;0;I_SUP385;(null);(null)
1523;D62941 ƒ≈À» ¿“≈— “–≈…ƒ;(null);(null);16223997;(null);(null);(null)
1524;ŒŒŒ ¿–“—œŒ“;45126654;45126654;(null);(null);(null);(null)
