No_;Search Name;Aerofirst DF Code;Aerofirst DP Code;Aerofirst SKY Code
AA_ECO;юпр юкэъмя щйн;;A11100;
AA_USA_LLC;ART ALLIANCE LLC;;;
I_SUP001;"гюн ""псяяйюъ бхмн-бнднвмюъ йнл";;;
I_SUP002;"гюн ""псяр хмйнпонпщирщд""";;R88888;R34543
I_SUP003;"ннн ""юяр-хмрепмщьмк хмбющпнлщмр""";;A23456;
I_SUP004;"ннн ""цхлпю""";;;
I_SUP005;"ннн ""рй нйеюм""";;;
I_SUP006;"ннн ""ебпOяепбхя""";;;
I_SUP007;"ннн ""псяюцпнрнпц""";R10001;R00002;R10001
I_SUP008;"ннн ""опелхсл-тсдя""";;;
I_SUP009;"ннн ""юцпня щйн""";;;
I_SUP010;"ннн ""юъйя-опеяя""";;;
I_SUP011;CHATEAU LE GRAND VOSTOCK;;;
I_SUP012;"ннн ""оеояхйн ункдхмця""";P00555;P10000;P00555
I_SUP013;"ннн ""ахаемдсл""";;;
I_SUP014;"ннн ""тнпхм кемд йнлоюмх""";;;
I_SUP015;"нюн ""щкэднпюдн л""";;;
I_SUP016;"ннн ""рй яремкх+""";;;
I_SUP017;"гюн ""апох""";;;
I_SUP018;"гюн ""днлндеднбн щп яепбхя""";;;
I_SUP019;"гюн ""щланпц юн""";;A00100;
I_SUP020;"OOO ""VREMENA GODA""";V11111;B0005;V11111
I_SUP021;"ннн ""йнлокейя аюп""";;;
I_SUP022;"ннн ""йнлоюмхъ юбцсяр""";;;
I_SUP023;"ннн ""кхмм цпюмд""";;;
I_SUP024;"ннн ""тюяр тсд хмдюярпхг""";;;
I_SUP025;"ннн ""юцюлю рпщид""";;;
I_SUP026;"ннн ""йнлоюмхъ цпхмтхкдя""";;;
I_SUP027;"ннн ""цпюмд-яхрх""";L88888;;L88888
I_SUP028;"гюн ""днлндеднбн ющпнрщкэ""";;;
I_SUP029;"ннн ""юкет рпеид""";;A00007;
I_SUP030;ютхью хмдюярпхг;;;
I_SUP031;"ннн ""опнд л""";;;
I_SUP032;"ннн ""бнярнй-гюоюд""";;;
I_SUP033;"гюн рд ""яебепмюъ йнлоюмхъ""";;;
I_SUP034;"ннн ""ндхмжнбяйюъ йнм-юъ т-йю""";K99996;O10000;K99996
I_SUP035;"ннн ""пейкюлмюъ цпсоою нклюйя""";;;
I_SUP036;"ннн ""йнмтющкэ""";K66666;;K66666
I_SUP037;"ннн ""рнйюкя""";;;
I_SUP038;"ннн яй ""рнпцнбкъ""";;;
I_SUP039;"ннн хгдюрекэяйхи днл ""онпнц""";;;
I_SUP040;"ннн ""рнпцнбюъ йнлоюмхъ нйеюм+""";V10003;O11111;V10003
I_SUP041;"ннн рд ""я-бй ябй""";;C00005;
I_SUP042;"ннн ""мэч-норхйю""";;;
I_SUP043;"яо гюн ""янбеп-л""";;;
I_SUP044;"ннн ""тхплю ""кнрня-кемд""";;;
I_SUP045;"ннн ""юлюррх жемрп""";;;
I_SUP046;"ннн ""рюилбеи цпсоо""";;;
I_SUP047;"ннн ""ялюпр""";;;
I_SUP048;"ннн ""йнмрюйр рпеидхмц""";;;
I_SUP049;"ннн ""яхрх рниг""";;;
I_SUP050;"ннн ""ямя яепбхя""";;;
I_SUP051;"ннн ""нккбхм""";;;
I_SUP052;"ннн ""тнплскю днярюбйх""";;;
I_SUP053;"ннн ""яюлянмюир""";;;
I_SUP054;"гюн ""юярпюир""";;;
I_SUP055;"ннн ""юя-люпйер""";;;
I_SUP056;"ннн ""дхяйнл""";;;
I_SUP057;"ннн ""юбюкэ-н""";;;
I_SUP058;"ннн ""ясбемхпнтт.пс""";;;
I_SUP059;"ннн ""юкет йнте х вюи""";;;
I_SUP060;"ннн ""кчйя ярюпг""";;;
I_SUP061;"ннн ""щйгнрхйю""";;;
I_SUP062;"ннн ""лхп тщмрегх""";;;
I_SUP063;OOн мюий;;;
I_SUP064;"ннн ""хдеъ хйя""";;;
I_SUP065;"ннн ""ярнкхвмше якюднярх""";;;
I_SUP066;"ннн ""айопнейр""";;;
I_SUP067;"ннн ""рнидхйн""";;;
I_SUP068;"ннн ""ахц рпеид""";;B121234;
I_SUP069;"ннн ""ябюл дхярпхаэчьм""";;;
I_SUP070;ннн ╚оюмщл╩;;;
I_SUP071;ннн ╚йнйю-йнкю щиахях ебпюгхъ╩;;C11110;
I_SUP072;"рд ""псядек""";;;
I_SUP073;ннн ╚пюяяйнл╩;;;
I_SUP074;гюн ╚юпокюяр-р╩;;;
I_SUP075;"ннн ""люкерю""";;;
I_SUP076;ннн ярюпши люяреп-мб;M12346;M12346;M12346
I_SUP077;"ннн ""йпхярюкк-беяр""";;;
I_SUP078;"ннн ""нпхнм цпсоо""";;;
I_SUP079;"ннн ""юккхцюрнп""";;;
I_SUP080;ннн рой ╚бхкнм╩;;;
I_SUP081;"ннн ""тхплю ярхт""";;;
I_SUP082;"ннн ""тсд дхрпхаэчьем цпсоо""";;;
I_SUP083;"ннн ""ющпн-апхдф""";A33315+;A33315+;
I_SUP084;"нюн ""йг нрпюдмне""";;K127566;
I_SUP085;"ннн ""лнахкемд-люпйер""";;;
I_SUP086;"ннн ""цепюкэр""";;;
I_SUP087;"ннн ""дх дфх рпеидхмц""";;;
I_SUP088;"ннн ""йбюррпн""";;;
I_SUP089;ннн ╚люпп псяяхъ╩;;;
I_SUP090;"ннн ""рд онкъмю""";;;
I_SUP091;"гюн ""пняюкйн-мебю""";R99999;R99999;R99999
I_SUP092;"гюн ""йюлвюдюк""";K35818;;
I_SUP093;ннн ╚яюмрнвю╩;;;
I_SUP094;ннн ╚юдхдюя╩;;;
I_SUP095;"ннн ""ахгмея кнцхярхйю""";;;
I_SUP096;"гюн ""епебюмяйхи йнмэъвмши гюбнд""";;;
I_SUP097;"ннн ""ющпн-апхдф чмхнм""";AB9999+;AB2222+;U00001
I_SUP098;хо аюпюмнб я.б.;;;
I_SUP099;"ннн ""йюяйюд кнцхярхй""";K56999;;
I_SUP100;хо рспахмю н.б.;;;
I_SUP101;"гюн ""апох""";;;
I_SUP102;"ннн ""яонпррнбюпш аняйн""";;;
I_SUP103;"нюн ""сдюпмхжю""";;;
I_SUP104;"ннн ""юопекэ""";;;
I_SUP105;"ннн ""яюйя хцпсьйх""";;;
I_SUP106;"ннн ""оепхден пся""";;;
I_SUP107;"ннн ""щдлхмя""";;;
I_SUP108;"ннн ""лндю опелхсл""";;;
I_SUP109;"ннн ""кю оекке теьм""";;;
I_SUP110;"гюн ""аекне гнкнрн""";;;
I_SUP111;"ннн ""рюилрщй""";;;
I_SUP112;"ннн ""хмрекрпеид TK""";;I54444;
I_SUP113;"ннн ""йа яепбхя""";;;
I_SUP114;"ннн ""щйяюкхрх""";"E54545;E55545;";E32323;E54545
I_SUP115;"ннн ""йнлоюмхъ юккхцюрнп""";;;
I_SUP116;"ннн ""щяоепюмя""";;;
I_SUP117;"ннн ""наяхдхюмр""";O65321;;
I_SUP118;"ннн ""ахахйнл""";;;
I_SUP119;"ннн ""кта""";;;
I_SUP120;"ннн ""оюптчл опеярхф""";;;
I_SUP121;"ннн ""чмхдфек""";;;
I_SUP122;"гюн ""яеикя""";;;
I_SUP123;"нюн ""едхмюъ ебпною - ункдхмц""";;V54321;
I_SUP124;"ннн ""йнкхгеи""";;;
I_SUP125;"ннн ""ебпнйюпрю""";;;
I_SUP126;"гюн ""лрй юкхяю""";;;
I_SUP127;"ннн ""аюкрхйнл""";;;
I_SUP128;"ннн ""дфсях йнлоюмх""";;;
I_SUP129;"ннн ""анмю""";B11555;B0000003;B11555
I_SUP130;"ннн ""йсумъ ╧ 1""";;;
I_SUP131;"ннн ""йбнкхрх""";;;
I_SUP132;"ннн рд ""опнейр 21""";;;
I_SUP133;"ннн ""ямюаяепбхя""";;;
I_SUP134;хо аюжсебю;;;
I_SUP135;"ннн ""бедй""";;;
I_SUP136;"ннн ""мебяйхи аепец""";;;
I_SUP137;"ннн ""бхйрнпхъ""";;;
I_SUP138;"ннн ""пхьщя""";;пхьщя;
I_SUP139;"ннн ""тхплю ярюмаеб""";;;
I_SUP140;"ннн ""опелэеп аэчрх кюим""";;;
I_SUP141;"ннн ""щйяопеяя ледхю люпйер""";;;
I_SUP142;"ннн ""чбекхп""";;;
I_SUP143;"ннн ""мхй-й""";;;
I_SUP144;"ннн ""дхкюм+""";D55555;D10000;D55555
I_SUP145;"ннн ""люпсяъ аебепедфхя пся""";M22223;;
I_SUP146;"OOO ""рй цпюр-беяр""";;;
I_SUP147;"ннн ""норхлюрнпц""";;;
I_SUP148;"ннн ""йщмдхкюим""";;D10005;
I_SUP149;"ннн ""щмя""";;;
I_SUP150;"ннн ""ярюпр""";;;
I_SUP151;"ннн ""уепою ямц""";;;
I_SUP152;"ннн ""ярхкэ""";;;
I_SUP153;"ннн ""хмрепкчйя""";;;
I_SUP154;"ннн ""цпюрбеяр""";;;
I_SUP155;"ннн ""юяоейр""";;;
I_SUP156;"ннн ""дшлйнбяйне йнкаюямне опнхгбндярбн""";;;
I_SUP157;"ннн ""рпеид ярюп""";;;
I_SUP158;"ннн ""опхръфемхе""";;;
I_SUP159;"ннн ""ющпн-апхдф рпеидхмц""";;;
I_SUP160;"ннн ""хлоепхюк""";I00022;I00022;
I_SUP161;"ннн ""щкхр ащцг""";;;
I_SUP162;"ннн ""т.оюпрмепя""";;;
I_SUP163;"гюн ""цеаю""";;;
I_SUP164;"ннн ""чмхрния ляй""";;;
I_SUP165;"ннн ""норхлю аэчрх""";;;
I_SUP166;"ннн ""ълюк""";;;
I_SUP167;"ннн ""йнмхй""";;;
I_SUP168;"ннн ""лхкюп""";;;
I_SUP169;"ннн ""охйбюдпн пся""";;;
I_SUP170;ESTERK;ESTERK;;"E11011;E12468"
I_SUP171;CARTIER INT FASHION;C10031;;C10031
I_SUP172;VAN GILS;V11011;;V11011
I_SUP173;пняяхияйхе онярюбыхйх;0000001;;
I_SUP174;ALMAZJEWELIR EXPORT;A99996;;A99996
I_SUP175;EMBORG USD;EMBORG;;EMB USD
I_SUP176;LUKAS;LU124;;LU124
I_SUP177;NASLEDIE OOO;N12333+;N12345;
I_SUP178;CASIO WATCH;C54321;C10000;CS12345
I_SUP179;GK GROSS OOO;G11100;G0001;G11100
I_SUP180;MS HOLDING AMBER;M10066+;;M10066+
I_SUP181;AGROSECO;A10200;I00001;A10200
I_SUP182;ABBYY;AB1111+;;AB1111+
I_SUP183;TORGSERVICE XXI BABAEVSKOE;B11111;;B11111
I_SUP184;MOBILE ENERGY;M10010;M20001;M10010
I_SUP185;MOBIL-KONSTANT OOO;;M10000;
I_SUP186;PANASONIC C/S;P99997;;
I_SUP187;PANASONIC MARKETING CIS OY;;;P52011
I_SUP188;PANASONIC ATOLL INV;;;P99997
I_SUP189;STEP GROUP OOO;ST0000;;ST0000
I_SUP190;UNITOYS-MCK;UM12338;U00002;
I_SUP191;ETUD UNION OF ARTIST;E10038;;E10038
I_SUP192;IRISHBAR;IRISHBAR;IRISHBAR;IRISHBAR
I_SUP193;ORCHID COMPANY;P98999;P17001;P98999
I_SUP194;NEMIROFF COMPANY;N15150;;N15150
I_SUP195;AEROMAR;AERO RB;AEROMAR;AERO RB
I_SUP196;KONIC OOO;KO22215;KON;K35400
I_SUP197;"OOO ""MYAGKIY MIR""";M16789;л16789;
I_SUP198;MAGESTIC IMPEKS OOO;M88888;T00010;M88888
I_SUP199;TROIKA;T78999;;T78999
I_SUP200;ALMAX;A10025;;A10025
I_SUP201;ART ALIANCE;A10068+;;A10068+
I_SUP202;ART-BOOKS LTD;A11112;A00006;A11112
I_SUP203;ART VIDEO INT;;;A10031
I_SUP204;AMADEUS;A44444+;;
I_SUP205;GALEREYA BLAGOLEPIYA;G11111+;;
I_SUP206;GOLDEN GRAIL LTD;GG12345;G00002;GG12345
I_SUP207;KONZERN GROUP SOYUZ;K15300+;;K15300+
I_SUP208;LINIYA;LG3333+;;
I_SUP209;NIKE LLC (RUS);N15336;;
I_SUP210;PORTSELAN;P11111;;P11111
I_SUP211;ROLNIK PUBLISHERS;R10017;;R10017
I_SUP212;BIONT LTD RBN;R10047+;;R10047+
I_SUP213;SENSUS;S10113;;S10113
I_SUP214;TOCHKA OPORY+;T05555;;
I_SUP215;VEL OOO;V12002;;V12002
I_SUP216;UVELCOM  OOO;;E0002;
I_SUP217;KONSTANTINOPOLSKAYA;K50050;;
I_SUP218;TMXF GR;T87654;;
I_SUP219;ITALCOM;V33344;B000005;
I_SUP220;"OOO""ARK BELUGA""";A13970;;
I_SUP221;TD RASKAT;C69999;;
I_SUP222;RUSSIAN OSETR;R12345;;
I_SUP223;"OOOO ""RUSSIAN OSETR - ADYGEYA""";R22222;;
I_SUP224;"гюн ""псяяйхи хйнпмши днл""";R55531;;
I_SUP225;T&T CO;T10075;;T10075
I_SUP226;SWK;"TD11757;TD1175+;";;TD11757
I_SUP227;DNK OOO;D33333;;D33333
I_SUP228;"K33355    OOO""KORONA""";K33355;K55555;K33355
I_SUP229;RUSSIAN SPIRIT GROUP;A10096;;A10096
I_SUP230;ARCOROS;A11100;;A11100
I_SUP231;ALKOMIR OOO;A33366;A14520;A33366
I_SUP232;OST-ALKO;O20770;O11000;O20770
I_SUP233;DMITROV-ALKO  OOO;;D00002;
I_SUP234;COCA COLA REFRESHMEN;C10070;C00001;C10070
I_SUP235;"ннн ""цй йпхярюкк-кетнпрнбн""";C10300;;
I_SUP236;EVRASIA 000;D66661;E11000;D66661
I_SUP237;OOO ESPERANTO VIN;EV16775;E00004;
I_SUP238;FANAGORIYA;F11123;F11111;F11123
I_SUP239;"OOO"" F.PARTNERS""";FP11111;;
I_SUP240;"OOO ""чохреп""";J12345;;
I_SUP241;"OOO  "" KASKAD""";K10000;K56999;
I_SUP242;"OOO ""N.R.G."" KOLOS CORPORATION";K23456;;
I_SUP243;LUDING;L13579;;
I_SUP244;OOO LEXIM;L33312;;
I_SUP245;MEDVED;M12456;;
I_SUP246;NATURAL PRODUCTS ZAO;;N10001;N14364
I_SUP247;OOO NAT;N55555;;
I_SUP248;TUBORG INTERNATIONAL;;;C99982
I_SUP249;NATALIE;;;L10019
I_SUP250;PROGRESS-PLUS;P15789;PR200002;
I_SUP251;PREMIER DRINK;PD11234;;PD11234
I_SUP252;NIAGARA FOODS;R10058;S00002;R10058
I_SUP253;ROTOR HOUSE;R25255;R25255;
I_SUP254;SPLVZ OOO;S15450;;S15450
I_SUP255;"ннн ""спемункэр""";U22211;U10022;
I_SUP256;VINEXIM OOO;V58888;V0000004;
I_SUP257;OOO VISTTORG;V77771;;
I_SUP258;WHITE HALL CENTER;W00111;W00111;
I_SUP259;ICS;;A00004;
I_SUP260;юбюкнм рпеид;;A00012;
I_SUP261;AEROFIRST_RBN;;AEROFIRS;AEROFIR
I_SUP262;ZAO JTI;;;J33333
I_SUP263;TALIKA;;T46789;T12468
I_SUP264;TOSCOW;;;T4512SK
I_SUP265;TBN TIME;;T22299;TBN9631
I_SUP266;RUSSIAN DOLLS;;;A10088
I_SUP267;AERTEC INTL LTD;;;A10091
I_SUP268;RUSSIAN SOUVENIRS;;;A10098
I_SUP269;NOVAYA ZARYA;;N00001;A10113
I_SUP270;BELLIGEN TD;;B00005;B12000
I_SUP271;KRASNY OCTOBER;;K00001;C11111
I_SUP272;ARSENTIEV CMP;;;C11119
I_SUP273;DYRIA FURS;;;D33789
I_SUP274;DECOLLO OOO;;;DECOLLO
I_SUP275;ELDORADO-M;;;ELDORAD
I_SUP276;RYBINSKAYA N/P;;;N10008
I_SUP277;NASH DOM;;;N10009
I_SUP278;PODMOSKOVYE OAO;;;P18444
I_SUP279;RUSSIKOM;;;R10039
I_SUP280;RUSSIAN COURTYARD;;;R10043
I_SUP281;ROM-TECH ELECTRONICS;;;R10075
I_SUP282;SPARTAK OOO;;;S00001
I_SUP283;SPARK-K OOO;;;S11111
I_SUP284;SAMSUNG ELECTRONICS;;;S11112
I_SUP285;STAB-M;;;ST12345
I_SUP286;TVT TRUST REG;;;T10023
I_SUP287;URSUS VODKA;;;U10009
I_SUP288;юлюдеся;;A12000;
I_SUP289;"""цпсоою юбцсяр""";;A12345;
I_SUP290;йнмярюмрхмнонкэяйюъ;;A3400000;
I_SUP291;ART BAZAR GR;;AB55555;
I_SUP292;VASKO RBL;;B00001;
I_SUP293;BONA  ZAO;;B00002;
I_SUP294;ннн тхплю я-2;;C00002;
I_SUP295;"ннн ""кхмхъ вхмйсе""";;C00012;
I_SUP296;CURAPROX;;C32165;
I_SUP297;APOLLO ELECTRONICS;;E00001;
I_SUP298;щйяоняепбхя  OOO;;E10001;
I_SUP299;ннн  щйяонрпеид;;E20002;
I_SUP300;"ннн""унпейю рпеидяепбхя""";;H44525;
I_SUP301;KONDI-2000  OOO;;K02000;
I_SUP302;йюгслъм;;K11111;
I_SUP303;ELECTROCOMPROECT;;E00005;
I_SUP304;ледеъ;;KM10000;
I_SUP305;лдй ннн;;M00002;
I_SUP306;лерпн;;M00003;
I_SUP307;ннн ьюпл;;M11000;
I_SUP308;лепхдхюм рпеидхмц;;M44499;
I_SUP309;MAMIX;;MA252000;
I_SUP310;мюанпш оюптчлепхх х йнялерхйх;;N11133;
I_SUP311;SLIMSITY OOO;;S00003;
I_SUP312;SHUAR  OOO;;S00004;
I_SUP313;"ннн""бшанп""";;SP12345;
I_SUP314;ннн рспмн;;T00001;
I_SUP315;ондюпнвмши рейярхкэ;;U00001;
I_SUP316;"ннн ""чбекхпрнпц""";;U20000;
I_SUP317;бекйнл;;W54321;
I_SUP318;"ннн""ъмрюпмюъ цпнгдэ";;Y12345;
I_SUP319;рлут;;T77715;
I_SUP320;сдюкеммши нтхя;;9662694;
I_SUP321;AVIATOR;;A11117;
I_SUP322;ннн юпуюмц;;A0000006;
I_SUP323;APC-FOUDS OOO;;A00111;
I_SUP324;ALESER 000;;A01000;
I_SUP325;BAZA-4  ZAO;;B00004;
I_SUP326;TP BIRNS;;B10000;
I_SUP327;BORALEX;;B10001;
I_SUP328;KC FUDS;;C00010;
I_SUP329;CHASPROMTORG  ZAO;;C15000;
I_SUP330;DEMOS-APS AOOT;;D50005;
I_SUP331;до-рпеид;;D5005005;
I_SUP332;INTERPRODUCT  ZAO;;E00003;
I_SUP333;GELEO OOO;;G10000;
I_SUP334;HERMITAGE SKY;;K10001;
I_SUP335;ннн келю -йнп;;L11000;
I_SUP336;MARTHEL ZAO;;M00010;
I_SUP337;MILLENIUM-2000;;M02000;
I_SUP338;MAGISTR BIBENDI OOO;;M03000;
I_SUP339;MERKURIY OOO;;M11001;
I_SUP340;ARMAGON OOO;;O00001;
I_SUP341;PIVNOY DOM;;P10001;
I_SUP342;RARITET OOO;;R10001;
I_SUP343;LEKERY OOO;;R11111;
I_SUP344;SOI-2;;S00001;
I_SUP345;яонпркюим OOO;;S00004;
I_SUP346;SHARK-2000;;S02000;
I_SUP347;SHANTERI OOO;;S10000;
I_SUP348;STOLWERCK FAIN CHOCO;;S10100;
I_SUP349;ALMEIRA OOO;;S120000;
I_SUP350;MAGARACH 000;;S20001;
I_SUP351;рпщмд йнккщйьм ннн;;T11000;
I_SUP352;"ннн ""рнпцяепбхя ууI бей""";;T7000025;
I_SUP353;URVEST OOO;;U10000;
I_SUP354;VAGR OOO;;V00001;
I_SUP355;VK OOO;;V01000;
I_SUP356;бу хлонпр йюлоюмх;;VH10001;
I_SUP357;гекемнцпюд ннн;;Z0000234;
I_SUP358;"ннн пбй ""пюяйюр""";;;
I_SUP359;AF_DM;;AD00000;
I_SUP360;"ннн ""дпебн фхгмх""";;;
I_SUP361;"ннн ""щярепйоюптчл""";;;
I_SUP362;хо хкэхмю м.б.;;;
I_SUP363;"нюн ""к дхярпхаэчьем""";;;
I_SUP364;"ннн ""назедхмеммше йюмдхрепш""";;;
I_SUP365;"гюн ""бхрю-б""";;;
I_SUP366;"гюн ""ющпнт╗пяр""";;;
I_SUP367;"ннн ""рам рюил-дхярпхасжхъ""";;;
I_SUP368;"нюн ""пейя рпеидхмц""";;;
I_SUP369;"ннн ""мейяхр  кнцхярхй""";;;
I_SUP370;"ннн ""рнпцнбши юкэъмя ""бюьепнм""";;;
I_SUP371;хо ярпнвйнб х.т.;;;
I_SUP372;"ннн ""рнмся""";;;
I_SUP373;"ннн ""цй ""дюилнмд""";;;
I_SUP374;"гюн ""нпхемрюкз щйяопеяя""";;;
I_SUP375;"ннн ""щкейрпнммше мнбхмйх""";;;
I_SUP376;"ннн ""цпюмд ахфс""";;;
I_SUP377;ннн ╚ьепелерэебн опнжеяяхмц╩;;;
I_SUP378;"гню ""юпхпюл""";;;
I_SUP379;"ннн ""йеий люпйер""";;;
I_SUP380;"ннн ""йнмжеор-аюп""";;;
I_SUP381;"ннн ""кейнмр""";;;
I_SUP382;"OOO ""юбрнцпют""";;;
I_SUP383;"ннн ""аецелнр пслъмжебн""";;;
I_SUP384;"ннн ""кюлюпрхя""";;;
I_SUP385;"тцсо хгдюржемрп ""люпйю""";;;
I_SUP386;"ннн ""ар аеметхр""";;;
I_SUP387;"ннн ""ярюрся-цпсоо""";;;
I_SUP388;"ннн ""тхплю смхрпнм""";;;
I_SUP389;"ннн ""лхмхсл""";;;
I_SUP390;ннн ╚щяйэч яхця╩;;;
I_SUP391;"ннн ""ахй""";;;
I_SUP392;"ннн ""хмрек ляй""";;;
I_SUP393;хо жшаю бхрюкхи юкейяюмдпнбхв;;;
I_SUP394;"ннн ""вхярне меан""";;;
I_SUP395;"ннн ""я-рпеид""";;;
I_SUP396;"ннн ""ярнкхвмше онярюбйх""";;;
I_SUP397;"ннн "" опнбюмя""";;;
I_SUP398;ннн цнярхмши дбнп;;;
I_SUP399;ннн юкэ-рпеид;;;
I_SUP400;"ннн ""йпсрнм""";;;
I_SUP401;"ннн ""якюбю гюижеб кюйьепх""";;;
I_SUP402;"ннн ""онйпнбяйхи опъмхй""";;;
I_SUP403;ннн бюкемяхъ щйяопеяя;;;
I_SUP404;"OOO""бняэлюъ хлоепхъ""";;;
I_SUP405;"ннн ""лхпюмх""";;;
I_SUP406;"ннн ""апюгхя кнцхярхй""";;;
I_SUP407;"ннн ""юпнмю""";;;
I_SUP408;"ннн ""норхлю окчя""";;;
I_SUP409;"ннн ""щя.йеи.бюи+""";;;
I_SUP410;"ннн ""кюйьепх бнпкд опндюйьм""";;;
I_SUP411;"ннн ""лнкейскю""";;;
I_SUP412;"ннн ""юях""";;;
I_SUP413;хо яюлндспнбяйхи;;;
I_SUP414;ннн юпр - опелэеп;;;
I_SUP415;"ннн ""кюмфепх""";;;
I_SUP416;"ннн ""ьпеъйнп""";;;
I_SUP417;"ннн ""лхп хцпсьей""";;;
I_SUP418;"ннн рнпцнбши днл  ""жюпяйхи ня╗рп""";;;
I_SUP419;"ннн ""хйпю.пс тсдяепбхя""";;;
I_SUP420;"нюн ""бнкцнпевемяйпшаунг""";;;
I_SUP421;"гюн ""кюйьепх цпсоо""";;;
I_SUP422;"ннн ""цнпнд ондюпйнб""";;;
I_SUP423;IJMAL;;;
I_SUP424;"TDK""ORO GOLD""";;;
I_SUP425;онцюпяйюъ яхцюпермн-яхцюпмюъ тюапхйю;;;
I_SUP426;оептэчл ункдхмц ннн;;;
I_SUP427;юпхюк гюн;;;
I_SUP428;FREE;;;
O_SUP001;GLOBAL PROMOTIONAL SERVICES;;;
O_SUP002;ARI;;;
O_SUP003;ART ALLIANCE DELUXE LTD;;;
O_SUP004;ART ALLIANCE LTD (UK);;;
O_SUP005;WELLVELROCK;;;
O_SUP006;JACOB & CO. WATCHES INC.;;;
O_SUP007;NUANCE;;;
O_SUP008;AMBREA SARL;;;
O_SUP009;WESTA GMBH;;;
O_SUP010;JSL TRAIDING AG;J99999;J99999;JSL3333
O_SUP011;JSL SPEDITION GMBH;J33456;;J33456
O_SUP012;BVLGARI PARFUME;R10060;;R10060
O_SUP013;DUTY FREE;DF00000;;
O_SUP014;DUTY FREE SERVICES;D99989;;D99989
O_SUP015;DUTY FREE - SHANNON;DFS;;DFS
O_SUP016;ARI-SHANNON EURO;A10122;;A10122
O_SUP017;KENZO JEW;"K12345;KZ139;";K99999;KZ139
O_SUP018;KENZO SKY;K10029;;K10029
O_SUP019;KENZO PARFUMS;K10028;K28000;
O_SUP020;KENZO FASHION;KZ6666;;KZ6666
O_SUP021;SELDICO KENZO;;S40004;
O_SUP022;KENZO SILVER;;K0001;
O_SUP023;KENZO WATCHES;;;KZ55555
O_SUP024;L'OREAL PARIS;"L'OREAL;LP22222;";L10010;L12468
O_SUP025;L'OREAL PBI SKY;P14674;;P14674
O_SUP026;L'OREAL LUX GROUP;;LOREALLU;
O_SUP027;MONTBLANC SIMPLO GMBH;M20002;;
O_SUP028;P&G MONT BLANC;M00001;;M20002
O_SUP029;MONT BLANC INT BV;M10043;;M10043
O_SUP030;MONT BLANC SKY FASH;;;M003SKY
O_SUP031;ST.DUPONT;S10116;;S10116
O_SUP032;ST.DUPONT INTERPARFUME;;;S00002
O_SUP033;SUPPLIERS OLD;OLD;OLD;NOTUSED
O_SUP034;CAROLINA HERRERA PUIG;A10015;;A10017
O_SUP035;AGATHA RUIZ DE LA PRADA PUIG;AR10016;;
O_SUP036;AGATHA;A03333;AG55511;AG22212
O_SUP037;PACO RABANNE - PUIG;"P05322;P05321;";;P05321
O_SUP038;PRADA - PUIG;"P11100;P10000;";;P10000
O_SUP039;NINA RICCI - PUIG;R35840;;R35840
O_SUP040;N.RICCI SKY;N10002;N22222;N10003
O_SUP041;VALENTINO PUIG;"Y10023;V50909;";;Y10023
O_SUP042;P&G ALFRED DUNHILL;A10018;;D23456
O_SUP043;ALFRED DUNHILL GMBH;A10012;;A10012
O_SUP044;DOLCE & GABBANA - P&G;"DG10067;D20030;;D50010;";;D20050
O_SUP045;DOLCE & GABBANA WATC;T10067;DG10067;T10067
O_SUP046;DOLCE&GABBANA;D34567;;D34567
O_SUP047;ESCADA - P&G;E10022;;E10022
O_SUP048;ESCADA SKY;E10023;;E10023
O_SUP049;HUGO BOSS - P&G;"E33962;E33961;";E33962;E33961
O_SUP050;HUGO BOSS FASHION SK;H10001;;H10001
O_SUP051;HUGO BOSS WATCHES;;;H12345
O_SUP052;LACOSTE - P&G;E33965;;E33965
O_SUP053;BALDESSARINI - P&G;E33967;;
O_SUP054;GUCCI - P&G;S03853;;S03853
O_SUP055;ISSEY MIYAKE - BPI;B10027;;B10027
O_SUP056;JEAN PAUL GAULTIER - BPI;B10028;;B10028
O_SUP057;JEAN MARCEL DARROW GR;D10055;;D10055
O_SUP058;BREITLING/DARROW GROUP;BD12345;;BD12345
O_SUP059;V.D BAUWEDE;D10054;;D10054
O_SUP060;DARROW GROUP SUNGL;D12345;;D12345
O_SUP061;DARROW GROUP LTD;D10150;;D10150
O_SUP062;DEL DARROW FASHION;;;D99999
O_SUP063;ZENITH WATCHES;ZD12345;;ZD12345
O_SUP064;NARCISCO RODRIGUEZ - BPI;B10029;;B10029
O_SUP065;ELIE SAAB;ES12345;;
O_SUP066;BIOTHERM - PBI;"B14674;B14673;";"LL77744;B99999;";B14673
O_SUP0663;SWAROVSKI DP;;;
O_SUP067;BOUCHERON;B66650;;
O_SUP068;KIEHL'S PBI;K54321;;
O_SUP069;MAISON MARTIN MARGIELA;M87654;;
O_SUP070;CACHAREL - PBI;"P10780;P10078;";P78000;P10078
O_SUP071;RALPH LAUREN - PBI;P10079;;P10790
O_SUP072;GIORGIO ARMANI - PBI;"P10800;P10080;";P80000;P10800
O_SUP073;PALOMA PICASSO - PBI;P10081;;P10081
O_SUP074;DOMAINE LAROCHE;D10026;;D10026
O_SUP075;GUY LAROCHE - PBI;P10082;;P10082
O_SUP076;VIKTOR&ROLF - PBI;P10085;P85000;P10085
O_SUP077;VICTORINOX;JV55555;;V10021
O_SUP078;JFM PREMIUM PRODUCTS SARL;JFM;;J35353
O_SUP079;JFM HELLO KITTY;S35353;HK11111;HK11111
O_SUP080;L'OREAL DIESEL;P10095;;D153331
O_SUP081;HELENA RUBINSTEIN - PBI;P10099;;P10099
O_SUP082;LANCOME - PBI;P14673;"P75000;L0001;";P14673
O_SUP083;STELLA MC CARTNEY;S30030;;S30030
O_SUP084;YVES SAINT LAURENT;"Y66649;Y66648;";P65000;Y66648
O_SUP085;ZEGNA;Z40040;;Z40040
O_SUP086;CLARINS SWAROVSKI;C10032;;
O_SUP087;CLARINS-PORSCHE DESIGN;C10039;;
O_SUP088;CLARINS GROUP;CLARINS;C33331;C10034
O_SUP089;CLARINS;C10033;;C10033
O_SUP090;AZZARO - CLARINS;C10036;;C10036
O_SUP091;THEIRRY MUGLER - CLARINS;C10037;;C10037
O_SUP092;LANCASTER - COTY;L10013;;L10013
O_SUP093;LANCASTER;"L20014;L10014;";;L20014
O_SUP094;MARCO POLO;M44118;;M11844
O_SUP095;MARC JACOBS;L10019;;
O_SUP096;MARCOLIN;M54321;M54321;"MARCOLIN GROUP;M54321"
O_SUP097;MARCHON;M88899;;MARCHON
O_SUP098;MARC ROZIER;M11100;;M11100
O_SUP099;MARCO FANTINI;M12333;;M12333
O_SUP100;OPI COTY;L10020;;
O_SUP101;CALVIN KLEIN WATCHES;CK11111;CK11111;CK1234
O_SUP102;CALVIN KLEIN - COTY;Y10010;;Y10010
O_SUP103;CLINIQUE - ESTEE LAUDER;"CLINIQU;C10020;";;"L00002;C10020"
O_SUP104;CREME DE LA MER;CM00006;;
O_SUP105;TOMMY HILFIGER - ESTEE LAUDER;H50050;;H50050
O_SUP106;DONNA KARAN-LAUDER;"L00000;L00001;";;L00000
O_SUP107;DKNY WATCHES SKY;DK14775;;DK14775
O_SUP108;MICHAEL KORS - ESTEE LAUDER;L00004;;
O_SUP109;MISSONI - ESTEE LAUDER;L00006;;
O_SUP110;ARAMIS - ESTEE LAUDER;L00005;;L00005
O_SUP111;TOM FORD BEAUTY;"T01015;L00007;";;
O_SUP112;WATERFORD GLASS LTD;W30750;;W30750
O_SUP113;ESTEE LAUDER;"L16873;L16872;";;L16873
O_SUP114;EUROITALIA - JOHN RICHMOND;A20033;JR12345;
O_SUP115;JOHN VARVATOS;J44411;;
O_SUP116;EUROITALIA S.R.L. - MOSCHINO;M20031;;
O_SUP117;ARTISAN PARFUME;A55516;;
O_SUP118;ANNICK GOUTAL;G33315;;
O_SUP119;JUILETTE HAS A GUN;J22345;;
O_SUP120;JUDITH LEIBER;JL11115;;
O_SUP121;KINSKI;KI12345;;
O_SUP122;LOLITA LEMPICKA;LL1234;;
O_SUP123;MANCERA;M11555;;
O_SUP124;EUROITALIA S.R.L - VERSACE;"V11112;V20032;";;V78435
O_SUP125;ESTER PERFUME;E12345;E12345;
O_SUP126;ESTER BIJOUX;;;E77712
O_SUP127;FENDI PARFUM;F35291;;
O_SUP128;FENDI SILK SA;FE1234;;
O_SUP129;SELDICO FENDI;;S60006;
O_SUP130;FENDI;;;FF34567
O_SUP131;DEL GIVENCHY FFR;G10002;G11112;G10004
O_SUP132;GIVENCHY;P17290;"GI20000;G33311;";P17290
O_SUP133;GROUP;P17291;;P17291
O_SUP134;SIBER HEGNER GIVENCHY;S10002;S20002;S10002
O_SUP135;PUCCI;PU23888;;
O_SUP136;BPI;BPI;;
O_SUP137;THE ART OF SHAVING;AS23456;;AS23456
O_SUP138;CHANEL SKY;C27565;C27565;C27565
O_SUP139;CHRISTIAN DIOR SKY;C31805;C31803;"C31806;C31803"
O_SUP140;SELDICO DIOR;;S50005;
O_SUP141;DIOR JEW;;;C79999
O_SUP142;CHRISTIAN DIOR WATCHES;;;CD12345
O_SUP143;CELLCOSMET& CELLMEN;C55555;;
O_SUP144;COTY;COTY;CO12344;C23456
O_SUP145;EUROITALIA SKY;EUROITA;E11115;E18515
O_SUP146;GUERLAIN;"G93125;G93124;";;"G93124;G93125"
O_SUP147;SELDICO GUERLAIN;;S30003;
O_SUP148;HERMES SKY;H10052;;H10027
O_SUP149;HERMES PARFUMS;H10053;;H10053
O_SUP150;HERMES FASHION;H10027;;
O_SUP151;HERMES WATCHES;;;H11029
O_SUP152;ELIZABETH ARDEN;P18784;A33000;P18784
O_SUP153;ELIZABETH ARDEN SKY;L02058;;L02058
O_SUP154;E.ARDEN BRITNEY SPEARS;;;B02059
O_SUP155;L'OCCITANE;L54321;L35500;OC25777
O_SUP156;LOEWE PERFUMES;LW20005;;L88898
O_SUP157;OLD PARFUME;S99999;O00009;S99999
O_SUP158;LA PRAIRIE GROUP AG;"P10997;P01997;";;"P01997;P10997"
O_SUP159;P&G;P&G;;
O_SUP160;CARTIER PARFUME;P15548;;P15549
O_SUP161;CARTIER WATCHES;PC10001;;PC10001
O_SUP162;CARTIER INT 10924098;C10002;;C10002
O_SUP163;CARTIER JEWELLERY;PC10002;;PC10002
O_SUP164;PASCO GMBH;P99989;;P99989
O_SUP165;PUIG;PUIG;PU44455;PUIG
O_SUP166;SHISEIDO;S01607;;S01607
O_SUP167;COSMOPOLITAN COSMETI;S03854;I00003;G121212
O_SUP168;SCORPIO PARFUME;S55666;;
O_SUP169;SCORPIO TRAVEL RETAIL;S11223;S10333;S11223
O_SUP170;SISLEY;SI1234;;S54321
O_SUP171;SWISS SMILE;SS00011;;S45678
O_SUP172;RENE CUSACK LTD;R10063;;R10063
O_SUP173;VAN DYCK BELGIAN CHOC;V10013;;V10013
O_SUP174;йнмяхцмюжхъ;0000000;00000000;
O_SUP175;ROUGIE;R76234;;R76234
O_SUP176;ANTICA MURRINA SKY;A20008;;A20008
O_SUP177;SEA & SKY SUPPLY;S&S5421;;S&S5421
O_SUP178;BREADWINNERS;B10003;;B10003
O_SUP179;WALKERS SHORTBREAD;W10031;;W10031
O_SUP180;DEL BURBERRYS;B10018;;B10018
O_SUP181;LUXOTTICA UK IRL;L55545;L11110;"B89625;L55545"
O_SUP182;CRABTREE & EVELYN;C10014;;C10014
O_SUP183;CHAMBORD;C10061;;C10061
O_SUP184;CENTAUR TRAVEL RETAI;CE17332;;CE17332
O_SUP185;TRAVEL RETAIL INN;T10045;T10045;T10045
O_SUP186;TRAVELTELECOM;TR12345;;TR12345
O_SUP187;FIDIA GIOIELLI S.P.A;D10056;;D10056
O_SUP188;SOLVAR;S10012;;S10012
O_SUP189;HARRISON MUSIC;H10065;;H10037
O_SUP190;IBB UK;I10050;;I10050
O_SUP191;GUESS - IBB B.V.;"G10046;G10016;";G11333;Y10013
O_SUP192;K KARL LAGERFELD;K34567;;
O_SUP193;KOALA WINES;K00001;;K00001
O_SUP194;LULU  GUINNESS SKY;L11112;;L11112
O_SUP195;NUOVA MOKAS SRL;N10020;;N10020
O_SUP196;LIBERTY;L12000;;L12000
O_SUP197;LIR CHOCS MARY WHITE;L70583;;L70583
O_SUP198;TASHIA;T10000;;T10000
O_SUP199;C.I.T.A.;M11111;;M11111
O_SUP200;MORGAN & OATES;M23222;;M23222
O_SUP201;NORIKO IRELAND LTD;N10031;;N10031
O_SUP202;TOMS CONFECTIONERY;T10050;;T10050
O_SUP203;TARGUS EUROPE LTD;T20010;;T20010
O_SUP204;TUMI SKY;T23456;;T23456
O_SUP205;REAKAM INC;Y10018;;Y10018
O_SUP206;хгкхьйх;999999;;999999
O_SUP207;AVANTA ELECTRONICS;A32111;;
O_SUP208;BAUME & MERCIER SA;B10062;;B10062
O_SUP209;BALMAIN WATCH;B11115;;B11115
O_SUP210;BALMAIN;B12345;;B12345
O_SUP211;BARAKA WATCH;B20100;;B20100
O_SUP212;BARAKA JEW-GENERLUX;B10001;;B10001
O_SUP213;BJ FITZPATRICK & CO;BJ12345;;BJ12345
O_SUP214;CARRERA WATCHES;C11123;;C11123
O_SUP215;CARRERA JEWELLERY;C10023;;C10023
O_SUP216;DUBEY & SCHALDENBRAN;D12321;;D12321
O_SUP217;SOCRAFI SERVICES SA;GU12345;;GU12345
O_SUP218;EDOX;E03033;;E03033
O_SUP219;FREDERIQUE CONSTANT;F11110;;F11110
O_SUP220;FOSSIL;FO45678;F55556;F12345
O_SUP221;JACQUES LEMAN WATCHES;K11011;K44455;K11011
O_SUP222;LONGINES;L40433;;L40433
O_SUP223;FOLLI-FOLLIE WATCHES;FF33551;F3333300;FF33551
O_SUP224;MAJORICA PSTA SKY;M10980;M66666;M12345
O_SUP225;MAJORICA S.A.;Y10009;;Y10009
O_SUP226;MILUS WEINER WATCH GROUP;M47777;;
O_SUP227;MISAKI VT LTD SKY;M51047;M10555;M10101
O_SUP228;RAYMOND WEIL WATCHES;M73579;;M73579
O_SUP229;OXYGEN SKY;OX162;;OX162
O_SUP230;POLYOT WATCHES;P11000;;P11000
O_SUP231;POLICE TIME WATCHES;DR5432;PW55555;
O_SUP232;RADO WATCHES;R12369;;R12369
O_SUP233;SWATCH GROUP UK;S10137;;S10137
O_SUP234;SOLATREX CITIZEN;S57279;;S57279
O_SUP235;OMEGA WATCHES;S70216;;S70216
O_SUP236;SWISS MILITARY - HANOWA;SM12345;;
O_SUP237;LADOGA  JSL;L33356;;L33356
O_SUP238;TISSOT;T81379;T10039;T81379
O_SUP239;TAG WATCHES;TAG1234;;TAG1234
O_SUP240;TECHNOMARINE;TM77717;TM77717;
O_SUP241;ALFA-ALYANCE;A10016;A00005;A10016
O_SUP242;CARAN D'ARCHE;C100006;;C100006
O_SUP243;CHRONOLUX SA-CHOPARD;C10085;;C10085
O_SUP244;A.T.CROSS LTD;C87452;;C87452
O_SUP245;FIORELLA GIOELLI;D11157;;D11157
O_SUP246;UNOAERRE;D10059;;D10059
O_SUP247;DMD GOLD COLLECTION;D65432;;D65432
O_SUP248;M.FREY WILLE;"F33312;F33311";F00009;F33311
O_SUP249;M.FRAY SKY;F33322;;F33322
O_SUP250;GOLDMAJOR LTD;G10044;;G10044
O_SUP251;GROSSE JEW SKY;G122333;;G122333
O_SUP252;GROSSE UK LTD;G19253;;G19253
O_SUP253;GOURJI;G98765;;
O_SUP254;HASLACH GMBH;H22222;;H22222
O_SUP255;HAMMER+SOHNE;H45812;;H45812
O_SUP256;KAVALLARIS A LTD;K20330;;K20330
O_SUP257;LONDON PEARL COMPANY;L10007;;L10007
O_SUP258;TAMBER;ST12345;;
O_SUP259;LA MARQUISE;M54789;;
O_SUP260;NOUVELLE BAGUE;NB0001;;
O_SUP261;ORO VITCHENZA;O10001;;O10001
O_SUP262;PIA PRETOR;P11112;;P11112
O_SUP263;PIANEGONDA;PI99999;;
O_SUP264;ROSA ROSE GOLD;R00101;;R00101
O_SUP265;COCOROSE;CO78404;;
O_SUP266;RONSON INTL LTD;R10068;;R10068
O_SUP267;SHEAFFER;S10067;;S10067
O_SUP268;EUGEN SCHOFER GMBH;SCH123;;SCH123
O_SUP269;TOMAS SABO SILVER;T12345;;T12345
O_SUP270;MHCS-SERVICE CLIENT&OPERATIONS LOGISTQUES;MHCS001;;MHCS001
O_SUP271;MASTER SERVICE COMPANY(ALCOM);AL88888;;
O_SUP272;TRIANON-SERVICE;;T00003;
O_SUP273;ALKODIS ALCOSERVICES;;;A20050
O_SUP274;ARF INTER-TECHSERVICE;;;D10048
O_SUP275;LUBTORGSERVICE;;;L23115
O_SUP276;RUSS-SERVICE;;;R10050
O_SUP277;VIDEOSERVICE;;;V10000
O_SUP278;BRAUN;B10041;;B10041
O_SUP279;CANON OY EURO;C10260;;C10260
O_SUP280;DURACELL BATTERIES N;D10029;;D10029
O_SUP281;AMBASSADORS CHOICE;D99979;;D99979
O_SUP282;ERGODATA;E25700;;E25700
O_SUP283;ECTACO;E88899;;E88899
O_SUP284;GRADIENT;G29001;;G29001
O_SUP285;K&K;K55543;;K55543
O_SUP286;MARKET CONNECTION EURO;M11194;M00008;M11194
O_SUP287;WRIGHT MARKET CONN JEW;M10095;;M10095
O_SUP288;AS-MARKET;M33312;M33000;M33001
O_SUP289;TOBACCO MARKETING MU;M55511;;M55511
O_SUP290;MDB TE GROUP;M13579;;M13579
O_SUP291;PHILIPS DAP DIVISION;O10004;;O10004
O_SUP292;PAT SAYS NOW;P99999;;
O_SUP293;SOUNDLINE;S33333;SL55530;S33333
O_SUP294;TECHSOYUZ SONY/KONICA;S59555;;S59555
O_SUP295;SONYA RYKIEL;S10000;;S10000
O_SUP296;SONY FINLAND;;;S10050
O_SUP297;UNIT;U55555;;
O_SUP298;UNITED TRADE COMPANY;;;U10008
O_SUP299;BRONCES E.TORTOSA S.;B55545;;B55545
O_SUP300;ARTIS ORBIC - IRISH;I10111;;I10111
O_SUP301;IRISH DRESDEN;I42782;;I42782
O_SUP302;IRISH CREATIVE STAMPING;;;I12344
O_SUP303;LLADRO;L10001;;L10001
O_SUP304;DISPLAY DESIGN COMPANY;D33000;;D33000
O_SUP305;PATRON SPIRIT COMPANY;"Y55511;P99988;";;W00111
O_SUP306;SWAROVSKI JEWELLERY;"S99989;S10133;S10134";"S10445;S10446;S10444;";"S99989;S84443"
O_SUP307;ALD INT FASHION;A33880;;A33880
O_SUP308;LAMY-ALD INT;LA55516;L13579;L20000
O_SUP309;HARDY;H99999;;
O_SUP310;LANVIN EURO;L10003;L25116;P10094
O_SUP311;LANVIN SUNGLASSES;L76543;;
O_SUP312;MEISER CONSULTANCY;M10092;;M10092
O_SUP313;MAUI JIM;M99999;M12300;M52520
O_SUP314;SAFILO;N10011;;SF35000
O_SUP315;OAKLEY;O99999;;
O_SUP316;SILHOUETTE INT;S11001;S11111;S11001
O_SUP317;TIGER ELECTRONICS USD;A10073;;A10073
O_SUP318;CONNECT INT LTD;C99989;;
O_SUP319;HASBRO HUNGARY LTD;H10002;;H10002
O_SUP320;KEEL TOYS;KL12345;K555544;KL12345
O_SUP321;LEGO OVERSEAS A/S;L99989;L98888;L99989
O_SUP322;MATTEL EUROPA;M99979;;M99979
O_SUP323;MERAKETECH;O10006;;O10006
O_SUP324;LEIXLIP;V000003;;V000003
O_SUP325;PREMIER PORTFOLIO EURO;PR0001;PR123366;PR0001
O_SUP326;RUSS BERRIE UK LTD;R89732;;R89732
O_SUP327;SCHABAK;S00010;;S00010
O_SUP328;U.TOYS;U12222;U99999;
O_SUP329;WODYSCOVERY OU;W10810;;
O_SUP330;EASTPAK;E86421;;
O_SUP331;JACQUES FAREL;JF12345;;
O_SUP332;KIPLING EUROPE DIVISION;K55555;;K55555
O_SUP333;CAROLE PLUS GOLDOAK;O10005;;O10005
O_SUP334;DESIGN GO;R50938;JR1405;R50938
O_SUP335;TIME DESIGN;;T11115;
O_SUP336;ANTWERP DESIGN;;;ANT1234
O_SUP337;STAR CASE;S10201;;S10201
O_SUP338;INTERBOOK BUSINESS;;;P10063
O_SUP339;DEL FASHION FLO LTD;F10017;;F10017
O_SUP400;SAMSONITE EUROPE;S10014;S14444;S10014
O_SUP401;VERBILKI PORCELAIN WORKS;V55331;;
O_SUP402;VESTA TRADE;V87654+;;
O_SUP403;WELCOME;W98765;;
O_SUP404;CENTROPEL;C00011;;C00011
O_SUP405;CIRCUS;C77708;;
O_SUP406;DRIMLEKS;D55570;;
O_SUP407;DELSEY;D56007;;D56007
O_SUP408;ESSE;E10050;E55555;E10050
O_SUP409;FINESSE UK LTD;;;A10101
O_SUP410;RATTI;E10051;R12345;E10051
O_SUP411;ELIT;E52529;;
O_SUP412;FRANCESCO SMALTO;F45730;;F45730
O_SUP413;FURLA;F88999;F55545;F88991
O_SUP414;GENERLUX TRADING SA;G55545;G33322;G55545
O_SUP415;ROBERTA DI CAMERINO;R55545;;R55545
O_SUP416;DEL MANBOW FINANCE;H10066;;H10066
O_SUP417;IRAKLIS KALLISTHENIS;I10099;;I10099
O_SUP418;ISA SPA;I11112;I22222;IS12133
O_SUP419;IFD LIMITED;IFD001;;
O_SUP420;JANEKE;J52222;J00001;J52222
O_SUP421;KASMET SHASTYE;K10047;;K10047
O_SUP422;LONGCHAMP;L10006;L11111;L10006
O_SUP423;LA SETA MANTERO;L10031;L89130;L10030
O_SUP424;LANCEL SKY;L99908;;L15808
O_SUP425;LES COPAINS (BVM);L99999;;
O_SUP426;MANAKAS;M15360;;M15360
O_SUP427;MEPI;MP55555;MP55500;
O_SUP428;MAGIC TEXTILE;MT12345;;
O_SUP429;PORTOLANO;P11115;P12333;
O_SUP430;PORTOLANO GUANTI;PL33515;;PL33515
O_SUP431;P.KOASTAS & CIE EVEE;P12345;;P12345
O_SUP432;PAL ZILERI;P85858;;P85858
O_SUP433;TEXIER;T32759;T33223;T32759
O_SUP434;PAUL & SHARK;T55545;;T55545
O_SUP435;"гюн ""рюилкея кюйьепх опндюйря""";T55567;;
O_SUP436;TSANIKIDIS NIDDASTRASSE;T99993;;T99993
O_SUP437;CHURCHILLS;C21212;CH34567;C21212
O_SUP438;FERRERO TRADING LUX;FER123;;
O_SUP439;GODIVA S.A. BELGIUM;G10036;;G10036
O_SUP440;GUYLIAN NV/SA;G10037;;G10037
O_SUP441;GOLDKENN;G333666;;
O_SUP442;JACOBS SUCHARD DM AC;J10027;;J10027
O_SUP443;JULES DESTROOPER;J20060;;J20060
O_SUP444;KRAFT JAKOBS SUCHARD;J99998;J99998;J99998
O_SUP445;TRAFALGAR FOODS LTD;K00002;;K00002
O_SUP446;LINDT;L12222;L12222;L12222
O_SUP447;MARS HOLLAND;M10049;M10049;M10049
O_SUP448;NESTLE WORLD TRADE;N34420;;N34420
O_SUP449;VALORA TRADE DENMARK;P10055;;P10055
O_SUP450;SWEET TALK CONFECTION;S10089;;S10089
O_SUP451;STORCK INTERNATIONAL;S10103;;S10103
O_SUP452;INFIFON B.V.;A10118;;A10118
O_SUP453;ALOKOZAY;AL45115;;AL45115
O_SUP454;CORPORATE AGENCIES LIMITED,CORP;CA12345;;
O_SUP455;DAVIDOFF INTERNATIONAL;D10003;;D10003
O_SUP456;JAPAN TOBACCO INT CO;J78321;;J78321
O_SUP457;IMPERIAL TOBACCO;;;I10036
O_SUP458;SCANDINAVIAN TOBACCO;;;S02725
O_SUP459;LF CONSALTING LTD;L11119;;L11119
O_SUP460;EL PACO;P55511;;P55511
O_SUP461;ITIL;R16900;;R16900
O_SUP462;ROTHMANS INT;R63835;;R63835
O_SUP463;ALTADIS;S10073;;S10073
O_SUP464;SWISHER INT LTD ARI;S10093;;S10093
O_SUP465;WORLDBEST CIGARS;W10038;;W10038
O_SUP466;WORLD OF NEW RUSSIAN;;;R20020
O_SUP467;HENRY WINTERMAN SIGA;W10040;;W10040
O_SUP468;WEITNAUER DISTRIBUTION LTD;W87655;;
O_SUP469;GLOBAL PROMOTIONAL S;A10044;;A10044
O_SUP470;WBDF_JAMESON;"W10022;W10020;W10017;W10021;;W10018;;W10019;";;W10022
O_SUP471;AMKA OY/AB;A10080;;A10080
O_SUP472;SPI SPIRITS CYPRUS;S20030;;S20030
O_SUP473;GOLDEN SPIRIT SA;GS12345;;
O_SUP474;ISF INTERNATIONAL SPIRITUS FORUM GMBH;I23456;;
O_SUP475;KYNDAL SPIRITS LTD;;;K20020
O_SUP476;FINLANDIA VODKA - BF;A12224;;
O_SUP477;FINLANDIA VODKA;;;A12224
O_SUP478;AST;A21234;;
O_SUP479;MASTER DISTRIBUTERS;;M00001;
O_SUP480;FABER CASTELL;;F11116;
O_SUP481;ASTROPEL;;;A11111
O_SUP482;LIMOGES CASTEL;;;L10008
O_SUP483;ALCOMARQUES;A25555;;
O_SUP484;ALLIED BRANDS;A54321;;
O_SUP485;BROWN FORMAN BEVERAG;B10044;;B10044
O_SUP486;BARDINET SA;B10055;;B10055
O_SUP487;BLAVOD DRINKS LTD;B10080;;B10080
O_SUP488;BORIE-MANOUX WINES;B10081;;B10081
O_SUP489;BOLS SP.Z.O.O;B123456;;B99987
O_SUP490;BEVERAGES&TRADING;B25600;B00003;B25600
O_SUP491;BELVEDERE;B33333;;
O_SUP492;BISQUIT COGNAC;B51551;;
O_SUP493;BACARDI GMBH;B68701;;B68701
O_SUP494;MARTINI-BACARDI;R10024;;R10024
O_SUP495;DAVID CAMPARI;C02376;;C02376
O_SUP496;CAMUS INTERNATIONAL;C05723;;C05723
O_SUP497;CHATEAU DE COGNAC SA;C10035;;C10035
O_SUP498;HENNESSY COGNAC;H10023;;H10023
O_SUP499;COGNAC FRAPIN;C10063;;C10063
O_SUP500;MEUKOW FELINE COGNAC;M10045;;M10045
O_SUP501;THOMAS HINE COGNAC;T10044;;T10044
O_SUP502;L CONNAUGHTON & SON;C60708;L33301;C60708
O_SUP503;DISTILLERIA BOTTEGA;D0001;;D0001
O_SUP504;DEBRISE DULAC;D00235;;
O_SUP505;DRAMBUIE LIQUER CO;D99980;;D99980
O_SUP506;FOSTERS;G37123;;G37123
O_SUP507;W.GRANT & SONS;G73611;;G73611
O_SUP508;IAN MACLEOD DISTILLERS LTD;I55588;;
O_SUP509;GLENMORANGE;G88898;;
O_SUP510;HERMANN JOERSS;H1234;;H1234
O_SUP511;JANNEAU;J10029;;J10029
O_SUP512;KAZUMIAN BELGIUM BVB;K10030;;K10030
O_SUP513;WHYTE & MACKAY;K20020;;
O_SUP514;KAGANSKI AND CO.GMBH;K65432;;
O_SUP515;NANSECK KRAUS & CO;K99988;;K99988
O_SUP516;LA POUYADE;L100050;;L100050
O_SUP517;LOUIS ROEDERER S.A.;L10047;;L10047
O_SUP518;CHAMPAGNE LAUREN PERRIER;L10055;;L10055
O_SUP519;GRAND CRU MAGNUM;;;G10039
O_SUP520;PRICILLA CHAN;M00056;;M00056
O_SUP521;MORRISON SCOTCH;M10052;;M10052
O_SUP522;MARNE & CHAMPAGNE DIFFUSION;M10088;;M10088
O_SUP523;MOET & CHANDON;M10097;;M10097
O_SUP524;A.R.I.;;;A.R.I.
O_SUP525;MD GURMEX LTD;M21345;M21345;
O_SUP526;MONO;M55545;;
O_SUP527;NEFT VODKA DISTRIBUTION LLC;NF1055;;
O_SUP528;REMY MARTIN;R10053;;R10053
O_SUP529;REMY DENVIEW;;;Y10020
O_SUP530;SNIPE BRANDS;S12345;;S12345
O_SUP531;DIAGEO (UDV+BAILEYS);U14222;;U14222
O_SUP532;UNDERBERG;U86366;;U86366
O_SUP533;VEUVE CLIQUOT PONSARDIN;V10046;;V10046
O_SUP534;VASCO INT SARL;V33311;;
O_SUP535;WHTEHOUSE LEISURE LLP;;W22222;M10094
O_SUP536;WILLIAM LUSTY LTD;W10011;;W10011
O_SUP537;ABSOLUT CO;A10060;;A10060
O_SUP538;JIM BEAM BRANDS;W59120;;W59120
O_SUP539;AEON SKY;;;A88888
O_SUP540;BUCKLEY;;;BKL1234
O_SUP541;BREO LTD;;;BR1234
O_SUP542;UNISET;;;C99989
O_SUP543;DE RIGO;;;DR5432
O_SUP544;GMC GROUP;;;G123456
O_SUP545;GOLD SILK;;;GS88222
O_SUP546;HANSE DISTRIBUTION GMBH;;HD98765;HD12345
O_SUP547;ITF COSMETIC;;;I12223
O_SUP548;IMMAGINE (VERSACE);V00112;;I12345
O_SUP549;ICE WATCH;;I44444;ICE4444
O_SUP550;KALOO AND COROLLE;;;KC00001
O_SUP551;LIFETRONS;;;L51515
O_SUP552;COEUR DE LION;;;LION321
O_SUP553;MCG CONSULTANTS;;C99918;M012345
O_SUP554;TINTAMAR;;T76543;T33315
O_SUP555;AYDYA LTD TRAVALO MC SKY;;;M10096
O_SUP556;MD GOURMEX LTD;;;MD12345
O_SUP557;MORELLATO;;;M89765
O_SUP558;MAXXIUM TRAVEL RETAIL;M99989;;M99989
O_SUP559;NICLAS AG;;N11111;N10011
O_SUP560;PT SWITZELAND;;;PT23456
O_SUP561;ROTARY OVERSEAS  LTD;;;R54321
O_SUP562;ROAMER;;;R56565
O_SUP563;STEAMCREAM;;;S12468
O_SUP564;SAG TRADING LLC;;;S13579
O_SUP565;STIEPAN DRUCT;;;S22222
O_SUP566;SEIKO;;;T10039
O_SUP567;SKAGEN;;S88888;"S12321;SK55511"
O_SUP568;TIME&MORE E.K;;;TM1111
O_SUP569;TRI;;;TRI123
O_SUP570;WWF;;WWF1234;WWF123
O_SUP571;ZEADES WATCHES SKY;;;Z88888
O_SUP572;MIOTIS;;;A10100
O_SUP573;AIRESS BP 2005 ARBENT;;;A10104
O_SUP574;CORDIS MEDIA;;;A10110
O_SUP575;VOICE IT;;;A10119
O_SUP576;T&D;;;A10121
O_SUP577;ALEXANDER MCQUEEN;;;A50050
O_SUP578;FRANK MULLER WATCHES;;;AT10005
O_SUP579;BEIERSDORF;;;B0001
O_SUP580;BLUMER SCHMUCKWAREN;;;B10010
O_SUP581;BUCHERER;;;BU12345
O_SUP582;BOXIT;;;B11000
O_SUP583;BEAUTE PRESTIGE INTL;;;B11027
O_SUP584;BOLLINGER CHAMPAGNE;;;B22222
O_SUP585;BENTLEYS;;;B28737
O_SUP586;BERRY BROS & RUDD;;;B39992
O_SUP587;DEL COEUR D'OCRES;;;C00001
O_SUP588;C.V.B.G. DOURTHE KRESM;;;C00111
O_SUP589;CADBURRYS INT;;;C01469
O_SUP590;CHARRIOL WATCHES JEW;;;C100005
O_SUP591;CALCIO SWISS;;;C15003
O_SUP592;DEL CARTA MOUSSE;;;C55555
O_SUP593;DEL CORTA FASHION HOUSE;;;C99911
O_SUP594;DENVIEW U.E.;;D10001;D10034
O_SUP595;MAGERIT DARROW EURO;D11153;;D11153
O_SUP596;DARROZE BAS ARMAGNAC;;;E33963
O_SUP597;GIORGIO BEVERLY HILLS;;;E33964
O_SUP598;DEL EREVAN TSHIRT FASHION;;;E99995
O_SUP599;FRANCIS SELECTION;;;F00001
O_SUP600;FERRAGAMO PARFUMS;;;F10041
O_SUP601;FRICZ;;;F11111
O_SUP602;GS INTERNATIONAL;;;G10043
O_SUP603;GREITER INTL AG;;;G10045
O_SUP604;GONZALEZ BYASS;;;G10049
O_SUP605;SUROS SMALL ENTERPRISE;;;G99996
O_SUP606;HENDRIX ENTERPRISE;;;H10068
O_SUP607;DEL ISIDE & INTERMODA;;;I10027
O_SUP608;INFOFUR LTD;;;I22222
O_SUP609;IMAFOT TECHSOJUZ EURO;;;I99989
O_SUP610;JEUNE TRADE;;;J10010
O_SUP611;JM MANUFACTURING;;;J45202
O_SUP612;JACOB JENSEN;;;J55545
O_SUP613;HLADOKOMBINAT N2;;;K10020
O_SUP614;KONSTANTINOPOL FUR;;;K50050
O_SUP615;LALIQUE;;;L00004
O_SUP616;LUTCH FACTORY;;;L10025
O_SUP617;HIGHLAND DISTILLERS;;;M10002
O_SUP618;MAXIMS'S DE PARIS;;;M10054
O_SUP619;MACGRAV LTD;;;M10065
O_SUP620;MERCURY DISTRIBUTION;;;M14518
O_SUP621;MONTEGRAPPA;;;M14777
O_SUP622;MINOLTA;;;M50005
O_SUP623;NOYAC INTERNATIONAL;;;N10004
O_SUP624;NIKAND LTD;;;N10012
O_SUP625;NICKNAME;;;N10019
O_SUP626;NAOMI FURS;;;N22555
O_SUP627;OSTWIND GROUP;;;O11111
O_SUP628;O'NEILLS AND CO;;;O54387
O_SUP629;PRESS POINT INT;;;P10046
O_SUP630;PRAGEANSTAIT OSWALD;;;P10086
O_SUP631;PIERRE CLARENCE;;;P14777
O_SUP632;ROCHAS PARFUME;;;P19233
O_SUP633;VAN CLEEFS & ARPELS;;;P19730
O_SUP634;PATONS MACADAMIA PLAN;;;P20020
O_SUP635;PERNOD RICARD EUROPE;;;PR12345
O_SUP636;DEL ROTEX S.R.L;;;R00010
O_SUP637;RANET CENTRE;;;R10007
O_SUP638;RUSSU G.A.;;;R10079
O_SUP639;R.J.REYNOLDS;;;R98888
O_SUP640;SECTOR IRELAND SKY;;;S00100
O_SUP641;SEAGRAMS UK LTD EURO;;;S08510
O_SUP642;SECTOR SPORT WATCHES;;;S123456
O_SUP643;SEVERIN MONTRE;;;S13875
O_SUP644;CROCUS;;M00011;S99998
O_SUP645;VILLIGER SOHNE;;;V10025
O_SUP646;STILTEK;;;V33344
O_SUP647;BOBBY BROWN;;;B56789
O_SUP648;SELDICO GROUP;;S10001;
O_SUP649;COFFEE BREND DISTRIBUTION;;C33311;
O_SUP650;TOYDICO;;T00005;
O_SUP651;ALVIERO MARTINI;;AM10001;
O_SUP652;KIMMI;;K30013;
O_SUP653;LES CONTES SAS;;LC00001;
O_SUP654;RANCE;;R20012;
O_SUP655;SCHLEICH;;SC15151;
O_SUP656;PARKER;;PA55555;
O_SUP657;WATERMAN;;WA55555;
O_SUP658;AVALANCHE;;A11114;
O_SUP659;MAV;M55555;;
O_SUP660;BVLGARI;BV12399;;
O_SUP661;TIME & MORE;;TM1111;
O_SUP662;MGI LUXURY GROUP S.A.;;M57700;M57700
O_SUP663;GREENFIELD;;;
O_SUP664;AIR AFFINITY LIMITED;;;
O_SUP665;HIBWAY LTD. T/A SAFFON SUPPLY SERVICES;;;
O_SUP666;SWAROVSKI INTERNATIONAL DISTRIBUTION AG;;;
O_SUP667;ARCOROS INC.;;;
O_SUP668;ASHFORD HANDELS GMBH;;;
O_SUP669;BEST WINE CORPORATION;;;
O_SUP670;RICHEMONT INTERNATIONAL SA;;;
O_SUP671;AUTOGRAPH TRAVEL LIMITED;;;
O_SUP672;WHITEFIELD INVEST LTD;;;
O_SUP673;PHILIP MORRIS;;;
O_SUP674;BODY SHOP;;;
O_SUP675;DUC D'OR;;;
O_SUP676;BRIC'S;;;
O_SUP677;FAZER BRANDS INTERNATIONAL;;;
O_SUP678;WOLFORD;;;
O_SUP679;ANTHIME MOULEY;;;
O_SUP680;BALLY SA I VIA INDUSTRIA;;;
O_SUP681;BRACCIALINI;;;
O_SUP682;COCCINELLE;;;
O_SUP683;LAVIANA ART LIMITED;;;
O_SUP684;MEIRA T;;;
O_SUP685;ROBERTO BRAVO;;;
O_SUP686;T.HILFIGER WATCH;;;
O_SUP687;VERSACE ESCALE HOLDING;;;
O_SUP688;VERSUS;;;
O_SUP689;OVERSEAS;;;
O_SUP690;SINERGIA;;;
O_SUP691;RUSSIAN STANDART;;;
O_SUP692;PIQUADRO;;;
O_SUP693;CEDC;;;
O_SUP694;CHOBI;;;
O_SUP695;MONNALISA;;;
O_SUP696;INTER PARFUME;;;
рюлнфмъ;рюлнфмъ;;;
